token_id,deploy_time_unix,deployer_address,name_len,ticker_len,deployer_deposit_amount,is_cex,deployer_wallet_source_cex_name,ath_market_cap_usd,hit_2x,y,p_raw,p_cal,score_0_100,buy_decision,high_conviction
254061,1776680610,A3VCqcHUZaqkCWKPByJPNZv2wiUuiKduWZnpt7SVs8dg,11,3,0.140759592,0,,2914.360804973072,0,0,0.21893640986274004,0.04462640736949846,4.5,false,false
465350,1776680604,84vGsG7BHQWKXvYxtHCKBeCG18dwm7DsCZoco4Ez4oDi,7,7,0.007231613,0,,2791.7201672969804,0,0,0.6293064714225501,0.248291015625,24.8,false,false
248160,1776680597,D5jgZiH1bmdiVkk774iRtFb4s4Y9w8ZPscvTK7hEXitb,11,5,2.314180601,0,,3929.0853583423527,0,0,0.7052287634476311,0.3200934579439253,32.0,false,false
175394,1776680592,fGyU4QNAjZTHoouyzXXYWkRK4tDgcb893v3oDuVRYpj,21,5,26.80265629,0,,3421.531745903641,0,0,0.39395108916038113,0.10583623693379791,10.6,false,false
491089,1776680578,84vGsG7BHQWKXvYxtHCKBeCG18dwm7DsCZoco4Ez4oDi,7,7,0.007231613,0,,2791.8366258054125,0,0,0.627065146359797,0.248291015625,24.8,false,false
375955,1776680574,6MMJgPRcvNWetgrqafH3szNPQdEeu96mZoNPjvRYmD1U,9,3,2.0,0,,5390.937479992523,1,1,0.8108848376514813,0.4742268041237113,47.4,true,false
464306,1776680573,4vB7fgbBEmqb6BvAGzDbk4fPhqpSGGyAvEsX2Nf535ep,7,8,0.499122304,0,,2400.8408901466983,0,0,0.2551636850721834,0.054998480704952904,5.5,false,false
33189,1776680563,8ML5sp8cLutnELyPKi9WifoT6w4bWJCkAQeB1iApDPee,8,8,4.999,1,Binance,3074.9591266606412,0,0,0.6524552570855073,0.26425717399200865,26.4,false,false
378286,1776680562,fGyU4QNAjZTHoouyzXXYWkRK4tDgcb893v3oDuVRYpj,21,5,26.80265629,0,,3953.786375932203,0,0,0.4110430648989786,0.10911905069005547,10.9,false,false
231353,1776680556,84vGsG7BHQWKXvYxtHCKBeCG18dwm7DsCZoco4Ez4oDi,7,7,0.007231613,0,,4131.320510452351,0,0,0.6322614139973871,0.25718001517286226,25.7,false,false
37825,1776680555,3Ezp2Qa5y1p5xGYyFBQAvow87byqMq5oGPeHMDdBnDA4,24,4,1.0,0,,2399.086495399849,0,0,0.0026621369608963116,0.0001002004008016032,0.0,false,false
39931,1776680555,3Ezp2Qa5y1p5xGYyFBQAvow87byqMq5oGPeHMDdBnDA4,24,4,1.0,0,,2399.086495399849,0,0,0.020552870967950273,0.0017064846416382253,0.2,false,false
160932,1776680555,3Ezp2Qa5y1p5xGYyFBQAvow87byqMq5oGPeHMDdBnDA4,24,4,1.0,0,,2399.086495399849,0,0,0.0026621369608963116,0.0001002004008016032,0.0,false,false
459384,1776680555,3Ezp2Qa5y1p5xGYyFBQAvow87byqMq5oGPeHMDdBnDA4,24,4,1.0,0,,2384.8734127456796,0,0,0.0026621369608963116,0.0001002004008016032,0.0,false,false
461253,1776680555,3Ezp2Qa5y1p5xGYyFBQAvow87byqMq5oGPeHMDdBnDA4,24,4,1.0,0,,2399.086495399849,0,0,0.0026621369608963116,0.0001002004008016032,0.0,false,false
399673,1776680548,DKmAYAxKpGk5obeZTXaS53kPnH57vQxBE5vScwhgKqGc,15,5,0.004180495,0,,40306.50967414159,1,1,0.2979080281439121,0.06914639961850261,6.9,false,false
388984,1776680535,fGyU4QNAjZTHoouyzXXYWkRK4tDgcb893v3oDuVRYpj,21,5,26.80265629,0,,2859.0296579074393,0,0,0.4344003988831943,0.12563145179002863,12.6,false,false
91559,1776680529,uhgtxTKpatmLiHFpUQN8VhL8ULtNYCQhmKD2LGt2txQ,10,8,0.001462823,0,,5820.614385364855,1,1,0.2278705248581858,0.04462640736949846,4.5,false,false
194932,1776680528,84vGsG7BHQWKXvYxtHCKBeCG18dwm7DsCZoco4Ez4oDi,7,7,0.007231613,0,,2709.179002447676,0,0,0.6322614139973871,0.25718001517286226,25.7,false,false
75176,1776680521,JADGHvYJ2v68zBuAYvHS66ytULrhr7TNjtsRXhQQ8HUK,12,2,0.27,0,,2387.3737020056283,0,0,0.25432320775077144,0.054998480704952904,5.5,false,false
473559,1776680521,C181JdCp6MpTs5HzHwyCdtkj3LL27VbxNCeobTcf7QCa,13,4,0.043764694,0,,3072.038805614721,0,0,0.27524747190902016,0.06288819875776397,6.3,false,false
410409,1776680510,G5qWaN6PhcKPL2aX2eGzkxuAtMPQ97XoijsC8U9UU85h,8,8,0.275148481,0,,5209.577728805629,1,1,0.8669562610706334,0.676829268292683,67.7,true,false
3900,1776680502,GeUnv1jmtviRbR7Gu1JnXSGkUMUgFVBHuEVQVpTaUX1W,27,8,0.059746727,0,,3605.221816055337,0,0,0.22721662634982315,0.04462640736949846,4.5,false,false
153453,1776680499,84vGsG7BHQWKXvYxtHCKBeCG18dwm7DsCZoco4Ez4oDi,7,7,0.007231613,0,,5509.326104460096,0,0,0.6293064714225501,0.248291015625,24.8,false,false
270025,1776680494,9Lm9EvBVfieK59d8LQ2Nqqn5hFnNesAMMqPNT7c2KRb1,11,6,0.217775102,0,,6022.086646118183,1,1,0.2124937759098251,0.04462640736949846,4.5,false,false
493398,1776680491,4wJFsjmhCzCiydfv3dv2X4KTLQAqC8KgrTF2Em4q21dM,6,6,0.041599758,0,,3435.0512847496566,0,0,0.22319970107132514,0.04462640736949846,4.5,false,false
350284,1776680484,6MMJgPRcvNWetgrqafH3szNPQdEeu96mZoNPjvRYmD1U,9,3,2.0,0,,23408.813138089994,1,1,0.8027645302146099,0.4377142857142857,43.8,true,false
324206,1776680483,fGyU4QNAjZTHoouyzXXYWkRK4tDgcb893v3oDuVRYpj,29,5,26.80265629,0,,3667.558199072662,0,0,0.34329058128290446,0.09269893355209188,9.3,false,false
425936,1776680482,5FqUo9aBjsp7QeeyN6Vi2ZmF2fjS4H5EU7wnAQwPy17z,20,8,37.248314047,0,,4704.644969565576,0,0,0.37021981965393436,0.10335680032649731,10.3,false,false
300949,1776680479,2rj6znevwH6QZBsBgvNGLeKNXNyVAJB5KACYjKMYiFtK,8,7,0.194772659,0,,5661.455025910278,1,1,0.7631834712483198,0.39670468948035487,39.7,false,false
325135,1776680477,JC7BYVeBGU8iYwN6eQcuDr85BmtwgHUQPzZkP4r7gDH9,7,7,9.999,0,,3820.0175009911027,0,0,0.2167483968222594,0.04462640736949846,4.5,false,false
131060,1776680473,84vGsG7BHQWKXvYxtHCKBeCG18dwm7DsCZoco4Ez4oDi,7,7,0.007231613,0,,6931.401834574176,1,1,0.6230922077400141,0.248291015625,24.8,false,false
210818,1776680473,4hJkc4DAFZAFLV4D5HPYJFUfVGNLVPgMbJg63Ra28phw,15,6,5.57856897,0,,8221.110801919245,1,1,0.5650275178273081,0.2030440414507772,20.3,false,false
434658,1776680464,EPJi6E2KLrezARvgz9kL35oafEwNTVPDek8zCCWAw3pE,15,5,1.214315909,0,,120893.20388011358,1,1,0.8772077867111929,0.7027027027027027,70.3,true,false
318130,1776680457,fGyU4QNAjZTHoouyzXXYWkRK4tDgcb893v3oDuVRYpj,29,5,26.80265629,0,,2427.7842428769954,0,0,0.34329058128290446,0.09269893355209188,9.3,false,false
169352,1776680450,84vGsG7BHQWKXvYxtHCKBeCG18dwm7DsCZoco4Ez4oDi,7,7,0.007231613,0,,2879.4201778786255,0,0,0.651616806873581,0.26425717399200865,26.4,false,false
148989,1776680432,fGyU4QNAjZTHoouyzXXYWkRK4tDgcb893v3oDuVRYpj,29,5,26.80265629,0,,2782.067586299572,0,0,0.34329058128290446,0.09269893355209188,9.3,false,false
328428,1776680430,6MMJgPRcvNWetgrqafH3szNPQdEeu96mZoNPjvRYmD1U,9,3,2.0,0,,7450.834507876025,1,1,0.8124073050932602,0.4742268041237113,47.4,true,false
175388,1776680414,5FqUo9aBjsp7QeeyN6Vi2ZmF2fjS4H5EU7wnAQwPy17z,7,7,37.248314047,0,,5208.715351545541,0,0,0.4172590968305103,0.10911905069005547,10.9,false,false
118540,1776680409,fGyU4QNAjZTHoouyzXXYWkRK4tDgcb893v3oDuVRYpj,29,5,26.80265629,0,,4627.451110855252,0,0,0.34329058128290446,0.09269893355209188,9.3,false,false
369172,1776680385,fGyU4QNAjZTHoouyzXXYWkRK4tDgcb893v3oDuVRYpj,29,5,26.80265629,0,,2430.5756971865962,0,0,0.34329058128290446,0.09269893355209188,9.3,false,false
287229,1776680362,84vGsG7BHQWKXvYxtHCKBeCG18dwm7DsCZoco4Ez4oDi,7,7,0.007231613,0,,3850.183200542127,0,0,0.6327783023510235,0.25718001517286226,25.7,false,false
252021,1776680359,fGyU4QNAjZTHoouyzXXYWkRK4tDgcb893v3oDuVRYpj,29,5,26.80265629,0,,2429.200608709128,0,0,0.34329058128290446,0.09269893355209188,9.3,false,false
456015,1776680355,3mJXMZ4TMCXbRyCguVQaACHyqQJLzMXPPiTewHyFZiMs,16,6,0.090300515,0,,4310.703277057406,0,0,0.6961803271852925,0.30951526032315974,31.0,false,false
462676,1776680355,C181JdCp6MpTs5HzHwyCdtkj3LL27VbxNCeobTcf7QCa,16,6,0.043764694,0,,3074.14492339801,0,0,0.3741801043392469,0.10335680032649731,10.3,false,false
446641,1776680345,6MMJgPRcvNWetgrqafH3szNPQdEeu96mZoNPjvRYmD1U,9,3,2.0,0,,4282.30112702191,0,0,0.7994181778890336,0.4377142857142857,43.8,true,false
272010,1776680341,99ts19fScnzAU5joBYq9gun7qrSK38F7NiGLxFv17SWi,14,3,0.008567606,0,,2597.92105027164,0,0,0.22843128969493576,0.04462640736949846,4.5,false,false
33440,1776680337,9PaYPktaGJFHisnPWr5teWghzMCYjVKD5CYWkDjeoyMa,7,7,0.001188126,0,,2402.062893796134,0,0,0.05608696137169787,0.007343124165554072,0.7,false,false
21900,1776680335,GeUnv1jmtviRbR7Gu1JnXSGkUMUgFVBHuEVQVpTaUX1W,8,8,0.059746727,0,,4494.529395135487,0,0,0.12976332131562765,0.02447305135096902,2.4,false,false
139284,1776680335,fGyU4QNAjZTHoouyzXXYWkRK4tDgcb893v3oDuVRYpj,29,5,26.80265629,0,,4116.389516503045,0,0,0.34329058128290446,0.09269893355209188,9.3,false,false
300514,1776680332,2vZU1YxDmmrk3advCTrvDTfvkghzASN6zeyLTRppegmj,7,7,0.04587754,0,,4421.8149993425795,0,0,0.18894200782655712,0.03934669636228656,3.9,false,false
438624,1776680332,84vGsG7BHQWKXvYxtHCKBeCG18dwm7DsCZoco4Ez4oDi,7,7,0.007231613,0,,6830.991556756849,1,1,0.6244254749861667,0.248291015625,24.8,false,false
286149,1776680316,9PaYPktaGJFHisnPWr5teWghzMCYjVKD5CYWkDjeoyMa,7,7,0.001188126,0,,2402.062893796134,0,0,0.05757868340178863,0.007343124165554072,0.7,false,false
181150,1776680310,9PaYPktaGJFHisnPWr5teWghzMCYjVKD5CYWkDjeoyMa,7,7,0.001188126,0,,2377.625159114239,0,0,0.10886619419789857,0.01842644047967242,1.8,false,false
435280,1776680309,fGyU4QNAjZTHoouyzXXYWkRK4tDgcb893v3oDuVRYpj,29,5,26.80265629,0,,4444.432716247413,0,0,0.3604652131614485,0.09549959817840879,9.5,false,false
176703,1776680301,84vGsG7BHQWKXvYxtHCKBeCG18dwm7DsCZoco4Ez4oDi,7,7,0.007231613,0,,3938.0439682596075,0,0,0.6214452664332301,0.2459016393442623,24.6,false,false
217745,1776680295,6MMJgPRcvNWetgrqafH3szNPQdEeu96mZoNPjvRYmD1U,9,3,2.0,0,,2780.5059143501294,0,0,0.7989571645621503,0.4377142857142857,43.8,true,false
494678,1776680288,EGw8zTk3iHRvC8bzPuuqqcBBLRP9ZgYsfAY6vySQJH8X,16,7,0.041742268,0,,3183.744856109326,0,0,0.17849379150777214,0.03427549194991056,3.4,false,false
314735,1776680277,3SSK369guQrVVQm7CspetXot9E7kQBRzZKRW9AMRMeHr,8,8,5.0,0,,2719.401480257862,0,0,0.08904200967558588,0.013686662783925451,1.4,false,false
401657,1776680277,C7qegQ7mKivttCky54zbJzHbohyGf2BzzqBQDDqCbqqZ,9,1,0.064327874,0,,2493.487345120978,0,0,0.11878439309669461,0.021827000808407437,2.2,false,false
412826,1776680277,fGyU4QNAjZTHoouyzXXYWkRK4tDgcb893v3oDuVRYpj,29,5,26.80265629,0,,2432.6196775036,0,0,0.36202231811652585,0.09549959817840879,9.5,false,false
63707,1776680276,84vGsG7BHQWKXvYxtHCKBeCG18dwm7DsCZoco4Ez4oDi,7,7,0.007231613,0,,2816.7799294874603,0,0,0.6200499356262613,0.23723647447294893,23.7,false,false
49759,1776680275,Dr7V12M5AcXAC2EEdzMHmwYwgUQbhUcT791szi5pzggw,3,3,1.699240214,0,,2406.8416226846343,0,0,0.2464771868354291,0.05172413793103448,5.2,false,false
477804,1776680269,DKmAYAxKpGk5obeZTXaS53kPnH57vQxBE5vScwhgKqGc,11,5,0.004180495,0,,2390.1146947061206,0,0,0.28325275821842405,0.06914639961850261,6.9,false,false
247320,1776680257,A3VCqcHUZaqkCWKPByJPNZv2wiUuiKduWZnpt7SVs8dg,11,4,0.140759592,0,,3057.476995878109,0,0,0.20763885424230022,0.04159132007233273,4.2,false,false
169758,1776680254,fGyU4QNAjZTHoouyzXXYWkRK4tDgcb893v3oDuVRYpj,29,5,26.80265629,0,,3743.615855663628,0,0,0.3609538078760501,0.09549959817840879,9.5,false,false
263278,1776680247,5FqUo9aBjsp7QeeyN6Vi2ZmF2fjS4H5EU7wnAQwPy17z,4,4,37.248314047,0,,4435.2107358590465,0,0,0.47102779176169324,0.13968547641073079,14.0,false,false
369159,1776680247,84vGsG7BHQWKXvYxtHCKBeCG18dwm7DsCZoco4Ez4oDi,7,7,0.007231613,0,,6846.8030198767765,1,1,0.6154574661046693,0.23723647447294893,23.7,false,false
425872,1776680247,6MMJgPRcvNWetgrqafH3szNPQdEeu96mZoNPjvRYmD1U,12,3,2.0,0,,2435.396408502577,0,0,0.8023457760976472,0.4377142857142857,43.8,true,false
396215,1776680246,C181JdCp6MpTs5HzHwyCdtkj3LL27VbxNCeobTcf7QCa,8,8,0.043764694,0,,3541.9222288105657,0,0,0.23040562079181756,0.04462640736949846,4.5,false,false
317391,1776680244,9V8p4Zw6A7fuKdxC9MP16KED5r3QhzfeZWScWEvhL59t,16,3,8.0,0,,320197.6273850138,1,1,0.679691375968442,0.2864502833590932,28.6,false,false
262487,1776680243,2NdEXMhGxdQenZjoH88px1gRgseNPDfmAYVrNMT4AJhc,20,8,0.000558578,0,,2389.565832406489,0,0,0.010057857698087484,0.0005767012687427913,0.1,false,false
244197,1776680242,2NdEXMhGxdQenZjoH88px1gRgseNPDfmAYVrNMT4AJhc,20,8,0.000558578,0,,2389.565832406489,0,0,0.06124527686013656,0.007343124165554072,0.7,false,false
122900,1776680230,fGyU4QNAjZTHoouyzXXYWkRK4tDgcb893v3oDuVRYpj,29,5,26.80265629,0,,2430.476490903446,0,0,0.3609538078760501,0.09549959817840879,9.5,false,false
383905,1776680221,84vGsG7BHQWKXvYxtHCKBeCG18dwm7DsCZoco4Ez4oDi,7,7,0.007231613,0,,2882.9895360720725,0,0,0.6312246851095195,0.25718001517286226,25.7,false,false
469094,1776680218,GK86odLHyf9NRqPdBEuNrh1f2NFLfSGZWoiUnSkgLHhC,12,6,0.439965821,0,,2401.792956022087,0,0,0.44203116425275246,0.12563145179002863,12.6,false,false
108807,1776680216,m9Ft6LUAn5Di5dFGPRVaWpWyfpDxaRHDUQL2FXbc2mh,9,8,0.003685892,0,,13132.187831648687,1,1,0.6619721430084059,0.27677826760395574,27.7,false,false
59614,1776680206,fGyU4QNAjZTHoouyzXXYWkRK4tDgcb893v3oDuVRYpj,29,5,26.80265629,0,,3568.7021595986876,0,0,0.3609538078760501,0.09549959817840879,9.5,false,false
311956,1776680206,7eStM4BgV5e3AvE1DXHwvGh5M9PoRvExNAYS98LjeSym,20,5,4.688880027,0,,4831.711420551137,0,0,0.5193413249422764,0.16076173604960142,16.1,false,false
78613,1776680186,5htGpHK2oV9g2BcDqLdRBqjCLdy8mc3fsESfR5DU73eM,9,5,0.298980863,0,,5521.124362099123,0,0,0.6954901956108043,0.30951526032315974,31.0,false,false
115417,1776680183,84vGsG7BHQWKXvYxtHCKBeCG18dwm7DsCZoco4Ez4oDi,7,7,0.007231613,0,,2881.307743227202,0,0,0.6326354399536477,0.25718001517286226,25.7,false,false
118298,1776680183,fGyU4QNAjZTHoouyzXXYWkRK4tDgcb893v3oDuVRYpj,29,5,26.80265629,0,,3566.745142873221,0,0,0.3636384183083097,0.09643539147040102,9.6,false,false
133067,1776680171,Dv7xDoyr9bR3PiEuwQ9m8GVcCknKHzhjsg4qcwKCwJ2B,18,8,0.017499749,0,,2388.171872999256,0,0,0.3671093932871908,0.09643539147040102,9.6,false,false
19530,1776680170,DKmAYAxKpGk5obeZTXaS53kPnH57vQxBE5vScwhgKqGc,15,5,0.004180495,0,,2386.6159046468574,0,0,0.2184613179823319,0.04462640736949846,4.5,false,false
59253,1776680156,fGyU4QNAjZTHoouyzXXYWkRK4tDgcb893v3oDuVRYpj,29,5,26.80265629,0,,2429.014564419758,0,0,0.38327327873500466,0.10335680032649731,10.3,false,false
247170,1776680147,A3VCqcHUZaqkCWKPByJPNZv2wiUuiKduWZnpt7SVs8dg,11,7,0.140759592,0,,4554.2854752358235,0,0,0.2582457793699482,0.05726872246696035,5.7,false,false
384066,1776680145,BZT7iGrDBvwUhEwKFgCa5xMCFqvuW7pW1edUJgXKizmn,2,2,0.062569016,0,,6382.399378703885,1,1,0.7522286024741404,0.3726318192193563,37.3,false,false
65863,1776680136,EYpRpc2qqqenLQ8zK7uU9c5ZJeQS7dPBGiHtcbgfoGTh,11,6,0.010325194,0,,2423.200025926502,0,0,0.5663823466531428,0.2030440414507772,20.3,false,false
484034,1776680133,CmDw11fMdfWSoFnwpEkYXufQN57EoGawy3QmUzRapump,11,4,,0,,2410.3615665037187,0,0,0.6172542059777285,0.23723647447294893,23.7,false,false
131863,1776680129,fGyU4QNAjZTHoouyzXXYWkRK4tDgcb893v3oDuVRYpj,29,5,26.80265629,0,,2429.3227439687103,0,0,0.3703086892954742,0.10335680032649731,10.3,false,false
481950,1776680125,84vGsG7BHQWKXvYxtHCKBeCG18dwm7DsCZoco4Ez4oDi,7,7,0.007231613,0,,3359.5953683087973,0,0,0.6300685328620912,0.248291015625,24.8,false,false
171133,1776680122,5Vo7D1gpi3JoGXUQTxEyjBtzfj2zAxkcPNmee8UaecVj,13,8,0.5,0,,2409.799926161373,0,0,0.3360881946889516,0.08291991495393337,8.3,false,false
322471,1776680121,fGyU4QNAjZTHoouyzXXYWkRK4tDgcb893v3oDuVRYpj,29,5,26.80265629,0,,2428.625495279025,0,0,0.44207164160052714,0.12563145179002863,12.6,false,false
305980,1776680118,5WMthqkiN1x9EH37UHGTGW2syxVGRR3pKQkvtdHrzQm3,6,6,55.299322632,0,,3350.3381294976803,0,0,0.8049990721696467,0.44065656565656564,44.1,true,false
158812,1776680111,M3RwAyMBzpQ8CssbzA9UgFdDTMwp4iUGXJ5w18os8aY,25,6,1.165309638,0,,4099.582290111327,0,0,0.7159360304092999,0.33942307692307694,33.9,false,false
219109,1776680110,6MMJgPRcvNWetgrqafH3szNPQdEeu96mZoNPjvRYmD1U,12,7,2.0,0,,9650.334211496584,1,1,0.8036503822564877,0.44065656565656564,44.1,true,false
149255,1776680097,Dv7xDoyr9bR3PiEuwQ9m8GVcCknKHzhjsg4qcwKCwJ2B,18,6,0.017499749,0,,2387.7675681253772,0,0,0.4255934065538842,0.11812840956777172,11.8,false,false
494920,1776680096,EYpRpc2qqqenLQ8zK7uU9c5ZJeQS7dPBGiHtcbgfoGTh,11,6,0.010325194,0,,2419.6684670233353,0,0,0.5712592894642862,0.2088328075709779,20.9,false,false
286492,1776680089,4PGYghKzdUGfTKXHzWHt2mFjZHowDCdrubrhsKxVnVeH,21,7,0.636649249,0,,18968.47951282035,1,1,0.8509457911018233,0.6198630136986303,62.0,true,false
155525,1776680088,DKmAYAxKpGk5obeZTXaS53kPnH57vQxBE5vScwhgKqGc,7,4,0.004180495,0,,2386.3532699844986,0,0,0.25818163331903793,0.05726872246696035,5.7,false,false
488873,1776680088,6U5ieK65cP6Y9Uz49vttkkcnYkDA9RCUmXKhWozFeZpo,8,3,0.000451864,0,,3913.5159570540704,0,0,0.15854170230375486,0.03427549194991056,3.4,false,false
69482,1776680086,DpLBiHjc5pRR5GjzSaFnLbfbh3FzmTKHt96T7r894TMJ,21,6,0.01,0,,2394.0584070266773,0,0,0.1567174055468357,0.03427549194991056,3.4,false,false
115371,1776680086,84vGsG7BHQWKXvYxtHCKBeCG18dwm7DsCZoco4Ez4oDi,7,7,0.007231613,0,,3685.463577653844,0,0,0.624115389946598,0.248291015625,24.8,false,false
415306,1776680075,fGyU4QNAjZTHoouyzXXYWkRK4tDgcb893v3oDuVRYpj,16,4,26.80265629,0,,3443.8865142511722,0,0,0.33698130575082114,0.08565737051792828,8.6,false,false
34087,1776680071,9NyKGwDHk5mVwR5UPShQpWPBqs2APuPZDQsnib5mocwR,23,8,,0,,2386.196167322846,0,0,0.020261774466990925,0.0017064846416382253,0.2,false,false
296,1776680067,FyRbs6ecuJteuaoVbVjKWQ9tKbhvqxpQU7N3d8VLFDLy,20,5,0.001326488,0,,9357.945611870347,1,1,0.5761498478820808,0.2088328075709779,20.9,false,false
431307,1776680067,CsDL8yHruRnxRGdnwwTrsrsX7DWsuEPFBk2VP6BXK6AY,23,8,1.344186953,0,,2387.82930914271,0,0,0.04345102697449329,0.005292171995589856,0.5,false,false
165111,1776680058,84vGsG7BHQWKXvYxtHCKBeCG18dwm7DsCZoco4Ez4oDi,7,7,0.007231613,0,,3081.415006269306,0,0,0.6316953459201918,0.25718001517286226,25.7,false,false
65247,1776680056,BZT7iGrDBvwUhEwKFgCa5xMCFqvuW7pW1edUJgXKizmn,3,3,0.062569016,0,,10662.216967648064,1,1,0.7304484453060917,0.35229885057471266,35.2,false,false
248323,1776680051,fGyU4QNAjZTHoouyzXXYWkRK4tDgcb893v3oDuVRYpj,16,4,26.80265629,0,,3510.5666033258444,0,0,0.33698130575082114,0.08565737051792828,8.6,false,false
372931,1776680047,6MMJgPRcvNWetgrqafH3szNPQdEeu96mZoNPjvRYmD1U,12,7,2.0,0,,2666.426675570811,0,0,0.8110253246673167,0.4742268041237113,47.4,true,false
373889,1776680047,Dv7xDoyr9bR3PiEuwQ9m8GVcCknKHzhjsg4qcwKCwJ2B,6,6,0.017499749,0,,2387.138100480037,0,0,0.4368311664011108,0.12563145179002863,12.6,false,false
69551,1776680046,Euz8qeXRqvAFbpspUdJ3d2zkC6ttV8jiVP7ApHpRQzam,9,4,0.00301861,0,,2545.2286836475723,0,0,0.19860668396292397,0.040105773468488315,4.0,false,false
492202,1776680027,fGyU4QNAjZTHoouyzXXYWkRK4tDgcb893v3oDuVRYpj,16,4,26.80265629,0,,3924.904449783252,0,0,0.3373111479954763,0.08565737051792828,8.6,false,false
355796,1776680023,HvNVzmGwsRNtNYp2MSuEfyH6eesNZ3yFQKChGX9U2Uxx,12,3,0.015327405,0,,3091.141699046913,0,0,0.278508413030627,0.06914639961850261,6.9,false,false
110563,1776680011,9PaYPktaGJFHisnPWr5teWghzMCYjVKD5CYWkDjeoyMa,10,9,0.001188126,0,,2394.2006150668212,0,0,0.327264320192296,0.08291991495393337,8.3,false,false
57530,1776680000,fGyU4QNAjZTHoouyzXXYWkRK4tDgcb893v3oDuVRYpj,16,4,26.80265629,0,,3600.4791928756727,0,0,0.33978534904541413,0.08565737051792828,8.6,false,false
77092,1776679974,DKmAYAxKpGk5obeZTXaS53kPnH57vQxBE5vScwhgKqGc,6,5,0.004180495,0,,2387.8915472518747,0,0,0.32964497984357405,0.08291991495393337,8.3,false,false
202345,1776679969,fGyU4QNAjZTHoouyzXXYWkRK4tDgcb893v3oDuVRYpj,16,4,26.80265629,0,,3111.1921725186376,0,0,0.32491362353967035,0.07557216254086876,7.6,false,false
363783,1776679965,M3RwAyMBzpQ8CssbzA9UgFdDTMwp4iUGXJ5w18os8aY,13,9,1.165309638,0,,3503.331491333504,0,0,0.7181405181768746,0.33942307692307694,33.9,false,false
135743,1776679963,DEdwtjvCs6dSadA8b6EQwCP95mXebTqMDK6wh13xhdpR,19,3,0.027461315,0,,2386.3184790280343,0,0,0.08262520160002994,0.009995524392063256,1.0,false,false
468958,1776679957,C181JdCp6MpTs5HzHwyCdtkj3LL27VbxNCeobTcf7QCa,16,6,0.043764694,0,,3751.339805859653,0,0,0.40206554508763215,0.10911905069005547,10.9,false,false
469602,1776679947,fGyU4QNAjZTHoouyzXXYWkRK4tDgcb893v3oDuVRYpj,16,4,26.80265629,0,,2600.1960957152764,0,0,0.3373111479954763,0.08565737051792828,8.6,false,false
288457,1776679945,DEdwtjvCs6dSadA8b6EQwCP95mXebTqMDK6wh13xhdpR,19,3,0.027461315,0,,2386.468820348571,0,0,0.02952147631832133,0.0026720106880427524,0.3,false,false
339231,1776679941,DEdwtjvCs6dSadA8b6EQwCP95mXebTqMDK6wh13xhdpR,19,3,0.027461315,0,,2386.6259566335457,0,0,0.08488319908484519,0.013686662783925451,1.4,false,false
232309,1776679939,4EH2RGDvVrwsR1ue7ohu6RxogqJVcCGJtEHGdwk6Cwxh,15,6,0.013514856,0,,2450.5616201371736,0,0,0.20145654451099532,0.04156769596199525,4.2,false,false
372028,1776679939,BZT7iGrDBvwUhEwKFgCa5xMCFqvuW7pW1edUJgXKizmn,6,6,0.062569016,0,,2708.8354226975343,0,0,0.7397270525272733,0.3583274523641496,35.8,false,false
383559,1776679933,D9gQ6RhKEpnobPBUdWY5bPQt2p3zGk3iVz6ChpUi2ArA,22,9,0.885149999,0,,3819.011309481542,0,0,0.5104551344778099,0.16076173604960142,16.1,false,false
260,1776679930,FyRbs6ecuJteuaoVbVjKWQ9tKbhvqxpQU7N3d8VLFDLy,19,5,0.001326488,0,,5761.717761473766,1,1,0.4012099571098944,0.10911905069005547,10.9,false,false
429763,1776679929,9NyKGwDHk5mVwR5UPShQpWPBqs2APuPZDQsnib5mocwR,23,8,,0,,2386.468841588141,0,0,0.018541831912490973,0.0017064846416382253,0.2,false,false
393622,1776679928,5FqUo9aBjsp7QeeyN6Vi2ZmF2fjS4H5EU7wnAQwPy17z,12,3,37.248314047,0,,5391.737574960676,0,0,0.4811410009311181,0.16031331592689296,16.0,false,false
310501,1776679922,H8t8TtLqBXcY5Qch8HZLkKDjBGzQAh8SFovUozGawYoR,23,8,1.64716905,0,,2386.468841588141,0,0,0.0708151545521022,0.009995524392063256,1.0,false,false
244530,1776679919,fGyU4QNAjZTHoouyzXXYWkRK4tDgcb893v3oDuVRYpj,16,4,26.80265629,0,,2599.9695032758186,0,0,0.339166376817201,0.08565737051792828,8.6,false,false
225193,1776679917,CsDL8yHruRnxRGdnwwTrsrsX7DWsuEPFBk2VP6BXK6AY,23,8,1.344186953,0,,2386.073851585115,0,0,0.0388732306359566,0.0037418147801683817,0.4,false,false
351798,1776679912,M3RwAyMBzpQ8CssbzA9UgFdDTMwp4iUGXJ5w18os8aY,12,9,1.165309638,0,,3647.3925275062534,0,0,0.7308319583555607,0.35229885057471266,35.2,false,false
398231,1776679908,84vGsG7BHQWKXvYxtHCKBeCG18dwm7DsCZoco4Ez4oDi,7,7,0.007231613,0,,5530.011991764768,0,0,0.6303766153587554,0.248291015625,24.8,false,false
215610,1776679898,uhgtxTKpatmLiHFpUQN8VhL8ULtNYCQhmKD2LGt2txQ,10,8,0.001462823,0,,2401.667816519768,0,0,0.3368168611886099,0.08291991495393337,8.3,false,false
365709,1776679897,DKmAYAxKpGk5obeZTXaS53kPnH57vQxBE5vScwhgKqGc,10,5,0.004180495,0,,2385.947819476678,0,0,0.42844260765422737,0.11812840956777172,11.8,false,false
490339,1776679893,5i8nMkpannX6uq2sq2kswx5nCKVJ5wJxPvcyHTkG7nte,2,2,0.001,0,,2545.618124628713,0,0,0.598679283821604,0.21895424836601307,21.9,false,false
177443,1776679892,fGyU4QNAjZTHoouyzXXYWkRK4tDgcb893v3oDuVRYpj,16,4,26.80265629,0,,3736.431790130883,0,0,0.3695816660637628,0.09643539147040102,9.6,false,false
111336,1776679882,6MMJgPRcvNWetgrqafH3szNPQdEeu96mZoNPjvRYmD1U,12,7,2.0,0,,32334.06410381958,1,1,0.8036503822564877,0.44065656565656564,44.1,true,false
44946,1776679869,fGyU4QNAjZTHoouyzXXYWkRK4tDgcb893v3oDuVRYpj,16,4,26.80265629,0,,2995.6824734118186,0,0,0.40878440216734546,0.10911905069005547,10.9,false,false
39153,1776679866,84vGsG7BHQWKXvYxtHCKBeCG18dwm7DsCZoco4Ez4oDi,7,7,0.007231613,0,,5558.821682526501,0,0,0.6245421011016953,0.248291015625,24.8,false,false
279505,1776679862,Bx7EMSPh5zXPmk93vAQDUHMaGgk9ypzb15HJKbK6cGC3,14,9,0.1,0,,2431.2214294660334,0,0,0.38539955829964534,0.10335680032649731,10.3,false,false
156718,1776679843,6MMJgPRcvNWetgrqafH3szNPQdEeu96mZoNPjvRYmD1U,12,9,2.0,0,,2667.211490670827,0,0,0.8125580497864678,0.4742268041237113,47.4,true,false
11956,1776679842,BZT7iGrDBvwUhEwKFgCa5xMCFqvuW7pW1edUJgXKizmn,4,4,0.062569016,0,,4812.000819416684,1,1,0.7334362659101592,0.3583274523641496,35.8,false,false
117285,1776679842,GT6AF4PnJ6yuULHt273SLW6JPLhfewh7ntcku6i4cFm,12,5,0.230751423,0,,2524.828929379892,0,0,0.11889206125952499,0.021827000808407437,2.2,false,false
156131,1776679838,fGyU4QNAjZTHoouyzXXYWkRK4tDgcb893v3oDuVRYpj,16,4,26.80265629,0,,2598.4544678859706,0,0,0.39476411997875543,0.10583623693379791,10.6,false,false
158895,1776679834,CsDL8yHruRnxRGdnwwTrsrsX7DWsuEPFBk2VP6BXK6AY,23,8,1.344186953,0,,2388.0119670772974,0,0,0.010559813200334525,0.0005767012687427913,0.1,false,false
230943,1776679832,CsDL8yHruRnxRGdnwwTrsrsX7DWsuEPFBk2VP6BXK6AY,23,8,1.344186953,0,,2384.8703635141237,0,0,0.06993495735959508,0.009995524392063256,1.0,false,false
250305,1776679829,9NyKGwDHk5mVwR5UPShQpWPBqs2APuPZDQsnib5mocwR,23,8,,0,,2382.6103944058095,0,0,0.005292891855136389,0.0001002004008016032,0.0,false,false
449387,1776679828,9NyKGwDHk5mVwR5UPShQpWPBqs2APuPZDQsnib5mocwR,23,8,,0,,2384.4964488221794,0,0,0.021854442121976903,0.0017064846416382253,0.2,false,false
319574,1776679818,84vGsG7BHQWKXvYxtHCKBeCG18dwm7DsCZoco4Ez4oDi,7,7,0.007231613,0,,4323.821062218138,0,0,0.6214452664332301,0.2459016393442623,24.6,false,false
344267,1776679818,DEVsZnwbqtjDyn5kJyvP4YFcfnqQdbS1u5jDyeFVy1fQ,20,3,0.051856514,0,,3240.000284276514,0,0,0.41532686594279705,0.10911905069005547,10.9,false,false
237994,1776679815,fGyU4QNAjZTHoouyzXXYWkRK4tDgcb893v3oDuVRYpj,16,4,26.80265629,0,,2596.155850525835,0,0,0.4086352007371972,0.10911905069005547,10.9,false,false
172184,1776679800,29d1FvcuM4qpUV6yD7DrUToPKfeRMzdXHfGkMdGuvNdw,25,3,2.005846812,0,,3966.27765224344,0,0,0.7565559653296297,0.3726318192193563,37.3,false,false
147683,1776679794,84vGsG7BHQWKXvYxtHCKBeCG18dwm7DsCZoco4Ez4oDi,7,7,0.007231613,0,,2708.1567935430367,0,0,0.6148036252647704,0.23723647447294893,23.7,false,false
293098,1776679789,M3RwAyMBzpQ8CssbzA9UgFdDTMwp4iUGXJ5w18os8aY,11,9,1.165309638,0,,3883.954070166444,0,0,0.7510781640265666,0.3726318192193563,37.3,false,false
87568,1776679785,29d1FvcuM4qpUV6yD7DrUToPKfeRMzdXHfGkMdGuvNdw,25,3,2.005846812,0,,4307.516702484794,0,0,0.801580903337904,0.4377142857142857,43.8,true,false
145708,1776679783,8Jk2WvbwPpqv59rJFy5auHrVxmvWfZQNAmGxxJCP1tpu,16,8,0.244,0,,2423.9467305580506,0,0,0.42644864594372234,0.11812840956777172,11.8,false,false
177245,1776679782,DKmAYAxKpGk5obeZTXaS53kPnH57vQxBE5vScwhgKqGc,13,5,0.004180495,0,,2415.9089020346037,0,0,0.2471469562855207,0.05172413793103448,5.2,false,false
146539,1776679781,fGyU4QNAjZTHoouyzXXYWkRK4tDgcb893v3oDuVRYpj,16,4,26.80265629,0,,4130.927640908857,0,0,0.4130116084423964,0.10911905069005547,10.9,false,false
364109,1776679778,FpGSfdNMZJPgUpc8z54h43nH6r37SxAgikZgqqLXnRoA,6,6,0.7,0,,2385.301227618752,0,0,0.044097072921492696,0.005292171995589856,0.5,false,false
402506,1776679776,84vGsG7BHQWKXvYxtHCKBeCG18dwm7DsCZoco4Ez4oDi,7,7,0.007231613,0,,4282.389285244703,0,0,0.6353640685360493,0.25718001517286226,25.7,false,false
39783,1776679774,FpGSfdNMZJPgUpc8z54h43nH6r37SxAgikZgqqLXnRoA,6,6,0.7,0,,2383.893355235972,0,0,0.1849391585923751,0.03934669636228656,3.9,false,false
213223,1776679770,EYpRpc2qqqenLQ8zK7uU9c5ZJeQS7dPBGiHtcbgfoGTh,8,3,0.010325194,0,,2391.6850707033077,0,0,0.585257619776495,0.21510883482714468,21.5,false,false
298078,1776679766,BZT7iGrDBvwUhEwKFgCa5xMCFqvuW7pW1edUJgXKizmn,5,5,0.062569016,0,,3473.9205091527997,0,0,0.7286825165010407,0.35106382978723405,35.1,false,false
128525,1776679758,6MMJgPRcvNWetgrqafH3szNPQdEeu96mZoNPjvRYmD1U,12,8,2.0,0,,36529.728090412114,1,1,0.8122421259167374,0.4742268041237113,47.4,true,false
355494,1776679750,fGyU4QNAjZTHoouyzXXYWkRK4tDgcb893v3oDuVRYpj,16,4,26.80265629,0,,2941.3389396294497,0,0,0.4171143687358957,0.10911905069005547,10.9,false,false
118885,1776679729,7nCGp5ZDkU9HEU8FQm4j2hNcELLXWj3Ss9bwCf9W9cP4,15,3,0.1,0,,2390.759395835265,0,0,0.3505280686047477,0.09549959817840879,9.5,false,false
44605,1776679728,fGyU4QNAjZTHoouyzXXYWkRK4tDgcb893v3oDuVRYpj,16,4,26.80265629,0,,2596.9945818652027,0,0,0.4387105284902819,0.12563145179002863,12.6,false,false
187492,1776679724,84vGsG7BHQWKXvYxtHCKBeCG18dwm7DsCZoco4Ez4oDi,7,7,0.007231613,0,,3628.581141589648,0,0,0.6404455523022252,0.25718001517286226,25.7,false,false
182346,1776679720,uhgtxTKpatmLiHFpUQN8VhL8ULtNYCQhmKD2LGt2txQ,10,8,0.001462823,0,,2414.869524919424,0,0,0.36525043873159463,0.09643539147040102,9.6,false,false
368155,1776679715,DEVsZnwbqtjDyn5kJyvP4YFcfnqQdbS1u5jDyeFVy1fQ,20,3,0.041153687,0,,3343.758650766758,0,0,0.4378080799802717,0.12563145179002863,12.6,false,false
464436,1776679713,GeUnv1jmtviRbR7Gu1JnXSGkUMUgFVBHuEVQVpTaUX1W,13,4,0.059746727,0,,4231.390416088807,0,0,0.12239019657453128,0.02447305135096902,2.4,false,false
239565,1776679711,4sAUSQFdvWRBxR8UoLBYbw8CcXuwXWxnN8pXa4mtm5nU,20,3,0.623806016,0,,32703.60044414471,1,1,0.627961745822052,0.248291015625,24.8,false,false
171051,1776679709,B5Q2KvfZiEBMh6vmM434Zxu4XAAdpqGdtZQ9Bez7eGVN,22,4,,0,,2481.39667943995,0,0,0.43596093184382984,0.12563145179002863,12.6,false,false
380521,1776679704,fGyU4QNAjZTHoouyzXXYWkRK4tDgcb893v3oDuVRYpj,16,4,26.80265629,0,,2596.27356947119,0,0,0.4694732294182143,0.13968547641073079,14.0,false,false
55473,1776679693,GBEMCd9Rn7fVyJcouf7wapVAMQt8ZZizRCWkLsjK8Fnk,11,3,0.001939405,0,,2385.932109917091,0,0,0.22296121027745974,0.04462640736949846,4.5,false,false
159800,1776679693,6MMJgPRcvNWetgrqafH3szNPQdEeu96mZoNPjvRYmD1U,12,6,2.0,0,,7754.772420938935,1,1,0.8141450279516969,0.4742268041237113,47.4,true,false
286978,1776679692,HQmV1sLSy7NRtcETQPfonnyJGNv6eFuWMs6yq7drcKhU,20,4,0.155017633,0,,7086.594388432451,1,1,0.726335058595818,0.3426183844011142,34.3,false,false
244459,1776679680,BZT7iGrDBvwUhEwKFgCa5xMCFqvuW7pW1edUJgXKizmn,7,7,0.062569016,0,,2813.297921100566,0,0,0.736422082617804,0.3583274523641496,35.8,false,false
21905,1776679677,FWymgf7GwMXczUmqQ6jeeE4MukdZNuaRom4twz3U45nz,24,4,1.0,0,,2382.7620940857178,0,0,0.00180587616062034,0.0,0.0,false,false
80517,1776679677,FWymgf7GwMXczUmqQ6jeeE4MukdZNuaRom4twz3U45nz,24,4,1.0,0,,2382.7620940857178,0,0,0.00180587616062034,0.0,0.0,false,false
164071,1776679677,FWymgf7GwMXczUmqQ6jeeE4MukdZNuaRom4twz3U45nz,24,4,1.0,0,,2382.9032908075305,0,0,0.013565756553195316,0.0011408083441981746,0.1,false,false
86769,1776679676,7zrfWFJrjPkqUEPs7dH65a9ys9iBZCQreBoazDaqzgvv,4,5,0.001185188,0,,2384.4611059743042,0,0,0.08510454692754273,0.013686662783925451,1.4,false,false
284772,1776679669,C181JdCp6MpTs5HzHwyCdtkj3LL27VbxNCeobTcf7QCa,16,6,0.043764694,0,,3718.385073604253,0,0,0.3880643148782534,0.10335680032649731,10.3,false,false
116270,1776679666,41U7E2PVJpPANaWnKHqQbrW5g8qw1kovuCeztbkMtzwT,10,9,4.14539582,1,Binance,2646.665298474386,0,0,0.5473879002400348,0.18153661704465981,18.2,false,false
366084,1776679658,M3RwAyMBzpQ8CssbzA9UgFdDTMwp4iUGXJ5w18os8aY,21,2,1.165309638,0,,30797.77648786386,1,1,0.6953869368177048,0.30951526032315974,31.0,false,false
471023,1776679652,Hu3j5goVXtpHSp3dQiB9Zq9MgV6t8w4nWtEm5rXn8c8a,5,5,0.008750113,0,,2398.029557639392,0,0,0.06532044734674866,0.009995524392063256,1.0,false,false
459518,1776679650,84vGsG7BHQWKXvYxtHCKBeCG18dwm7DsCZoco4Ez4oDi,7,7,0.007231613,0,,3537.0854435803612,0,0,0.6324425236767177,0.25718001517286226,25.7,false,false
421735,1776679649,3SSK369guQrVVQm7CspetXot9E7kQBRzZKRW9AMRMeHr,20,3,5.0,0,,2710.5481322738738,0,0,0.11277445613028757,0.01842644047967242,1.8,false,false
115914,1776679646,ArkdCAPErAo6KdVDTFA32YKnqaD7jfXsESFoyxQzDgnu,28,3,4.258596208,0,,2875.7317160375137,0,0,0.2691114450186318,0.06146926536731634,6.1,false,false
165757,1776679636,9d8w1ryQkjfMjoVssV8xqBTdAkgxvamQ9cHizhuHAPpR,9,9,,0,,2413.8887529216054,0,0,0.43037976386230103,0.11812840956777172,11.8,false,false
467238,1776679632,2f1iMmbfKhrJXdbAjRSDDYB3Af8vsP2pehwGRE1bq47M,15,5,0.186785553,0,,4639.31379201651,0,0,0.8230189785233608,0.4969611968209439,49.7,true,false
118709,1776679618,84vGsG7BHQWKXvYxtHCKBeCG18dwm7DsCZoco4Ez4oDi,7,7,0.007231613,0,,5271.895977496986,0,0,0.6235460896159675,0.248291015625,24.8,false,false
234966,1776679601,6ZnydvtUFJcNChwvuqVKKdens45r3au7dnFcQVKp77a4,20,3,,0,,564595.5309298543,1,1,0.733160759446721,0.3583274523641496,35.8,false,false
36350,1776679600,uhgtxTKpatmLiHFpUQN8VhL8ULtNYCQhmKD2LGt2txQ,10,3,0.001462823,0,,2416.0701639310923,0,0,0.4591469499812982,0.13938753959873285,13.9,false,false
72356,1776679599,84vGsG7BHQWKXvYxtHCKBeCG18dwm7DsCZoco4Ez4oDi,7,7,0.007231613,0,,5366.973986718541,0,0,0.6312518821303676,0.25718001517286226,25.7,false,false
87383,1776679588,6MMJgPRcvNWetgrqafH3szNPQdEeu96mZoNPjvRYmD1U,13,6,2.0,0,,5306.61176821307,1,1,0.8050698006079348,0.44065656565656564,44.1,true,false
309395,1776679586,DEVsZnwbqtjDyn5kJyvP4YFcfnqQdbS1u5jDyeFVy1fQ,9,4,0.041153687,0,,2751.4584074343416,0,0,0.3782308370665725,0.10335680032649731,10.3,false,false
261348,1776679584,FWymgf7GwMXczUmqQ6jeeE4MukdZNuaRom4twz3U45nz,25,4,1.0,0,,2385.267182624811,0,0,0.01947561002745651,0.0017064846416382253,0.2,false,false
322595,1776679584,FWymgf7GwMXczUmqQ6jeeE4MukdZNuaRom4twz3U45nz,25,4,1.0,0,,2385.4085335964173,0,0,0.002322473069655671,0.0,0.0,false,false
480515,1776679584,FWymgf7GwMXczUmqQ6jeeE4MukdZNuaRom4twz3U45nz,25,4,1.0,0,,2385.267182624811,0,0,0.002322473069655671,0.0,0.0,false,false
368103,1776679579,7tAVJH3nki7wmFGSyfdaHeqfQRuXVjTtbeBqqkF8UB54,17,2,0.035510049,0,,3348.1285779077853,0,0,0.15300478015276997,0.03427549194991056,3.4,false,false
267164,1776679567,84vGsG7BHQWKXvYxtHCKBeCG18dwm7DsCZoco4Ez4oDi,7,7,0.007231613,0,,3756.335076543262,0,0,0.6381697267028718,0.25718001517286226,25.7,false,false
119663,1776679561,HQmV1sLSy7NRtcETQPfonnyJGNv6eFuWMs6yq7drcKhU,20,4,0.155017633,0,,5759.48543223754,0,0,0.7098258934230478,0.3200934579439253,32.0,false,false
322355,1776679559,C181JdCp6MpTs5HzHwyCdtkj3LL27VbxNCeobTcf7QCa,16,6,0.043764694,0,,3926.3042657985825,0,0,0.34859270451432345,0.09549959817840879,9.5,false,false
54726,1776679549,8kiU9KQMxaFj2EDdNcvNSRkAsdedfeUUcfxyqPSkM5BZ,6,6,1.645586269,0,,44484.015296399055,1,1,0.7799855394163291,0.413055478884902,41.3,true,false
29808,1776679545,ArkdCAPErAo6KdVDTFA32YKnqaD7jfXsESFoyxQzDgnu,20,3,4.258596208,0,,9563.59975949923,1,1,0.3350227812727933,0.08291991495393337,8.3,false,false
115341,1776679538,84vGsG7BHQWKXvYxtHCKBeCG18dwm7DsCZoco4Ez4oDi,7,7,0.007231613,0,,7654.742058169007,1,1,0.6225586703998123,0.2459016393442623,24.6,false,false
28895,1776679534,6MMJgPRcvNWetgrqafH3szNPQdEeu96mZoNPjvRYmD1U,9,3,2.0,0,,2649.766921374806,0,0,0.8011005512955425,0.4377142857142857,43.8,true,false
164371,1776679519,96jrkk3E2MhmJc7hBeATLTnLE9Re2P5HagtC2eueYByx,24,7,0.032352374,0,,8386.99442848906,1,1,0.613591890571911,0.23723647447294893,23.7,false,false
6543,1776679515,7US12yjzi6DKmJRMBXZ38KKA3eV4EahFGXt9vZ58dz4c,18,8,0.098021843,0,,3007.8919804610605,0,0,0.44808938519333663,0.12836506894287586,12.8,false,false
433711,1776679510,4j2asrFPevSi8KzZZNma9WAWPwmsic3vLcVAGGsXgqxf,22,2,0.12057562,0,,2387.6900576686717,0,0,0.19065702376048435,0.040105773468488315,4.0,false,false
480496,1776679510,EYpRpc2qqqenLQ8zK7uU9c5ZJeQS7dPBGiHtcbgfoGTh,9,3,0.010325194,0,,2390.931742602664,0,0,0.6316097367557881,0.25718001517286226,25.7,false,false
25003,1776679498,5QuJNUHQtTZCsdvGgiL1TE5ujw6nMd1ZM1T1ZBY568x1,27,11,0.539550522,0,,2384.589149004941,0,0,0.13732369791183344,0.02767175572519084,2.8,false,false
1631,1776679496,Ewv1avREdbbmCAg6EkyTMf4LD6jvg18GdK1yxzDkDdRK,10,5,0.021022763,0,,8462.62395694903,1,1,0.4008998972287941,0.10911905069005547,10.9,false,false
78068,1776679494,84vGsG7BHQWKXvYxtHCKBeCG18dwm7DsCZoco4Ez4oDi,7,7,0.007231613,0,,2708.7688665682085,0,0,0.6319988011686953,0.25718001517286226,25.7,false,false
250220,1776679491,6MMJgPRcvNWetgrqafH3szNPQdEeu96mZoNPjvRYmD1U,12,3,2.0,0,,2415.9354504327066,0,0,0.8059404358976814,0.44065656565656564,44.1,true,false
264161,1776679490,D5jgZiH1bmdiVkk774iRtFb4s4Y9w8ZPscvTK7hEXitb,19,4,2.314180601,0,,5428.927727248676,0,0,0.7331986504980447,0.3583274523641496,35.8,false,false
145968,1776679468,5FqUo9aBjsp7QeeyN6Vi2ZmF2fjS4H5EU7wnAQwPy17z,9,4,37.248314047,0,,10213.81472096163,1,1,0.47142967143906356,0.13968547641073079,14.0,false,false
262709,1776679466,9idz1KamiWkPPnMNzTg93bj33Fvv1VwyNFmq5mmPVVir,8,4,2.026306,0,,4576.498227886785,0,0,0.6396380958226523,0.25718001517286226,25.7,false,false
274041,1776679464,84vGsG7BHQWKXvYxtHCKBeCG18dwm7DsCZoco4Ez4oDi,7,7,0.007231613,0,,2708.4357228984677,0,0,0.6403250312689982,0.25718001517286226,25.7,false,false
12185,1776679459,GeUnv1jmtviRbR7Gu1JnXSGkUMUgFVBHuEVQVpTaUX1W,12,4,0.059746727,0,,4258.744325270974,0,0,0.14811817996051652,0.03230890464933018,3.2,false,false
90368,1776679459,GUCYQrw7zDmTFL1cEWD2LMQRjH7coXKGA3TQ54iDAgGD,15,3,0.003643318,0,,2585.899121417036,0,0,0.1508364952428912,0.03427549194991056,3.4,false,false
68684,1776679454,FspeTEJh7PCeUyWX8RDdrsr8vJtt7gJrp9gXR2kHyURp,20,5,0.004012468,0,,2391.1063081727825,0,0,0.10539377552191552,0.01842644047967242,1.8,false,false
457678,1776679452,M3RwAyMBzpQ8CssbzA9UgFdDTMwp4iUGXJ5w18os8aY,15,7,1.165309638,0,,9093.416585108866,1,1,0.6814276306873677,0.2864502833590932,28.6,false,false
19838,1776679449,84vGsG7BHQWKXvYxtHCKBeCG18dwm7DsCZoco4Ez4oDi,7,7,0.007231613,0,,4358.119364487513,0,0,0.6495458633925189,0.26425717399200865,26.4,false,false
111987,1776679445,LH15wXuD8TfXNVeNjsUGgsfW5WoSgvvL4muNvkRsxD4,19,7,2.6,0,,5671.847169396531,0,0,0.6845864058592706,0.29129955947136565,29.1,false,false
138413,1776679433,7MCQQ3SgASZzsEk4cbDFhBHZprLjyAYdNAhxfKYKeWxY,10,2,0.02,0,,2389.883250071508,0,0,0.24634633649389584,0.05172413793103448,5.2,false,false
4489,1776679432,6MMJgPRcvNWetgrqafH3szNPQdEeu96mZoNPjvRYmD1U,12,3,2.0,0,,5829.362803647773,1,1,0.8094644820234024,0.44065656565656564,44.1,true,false
141690,1776679431,HQMqP4Z7YHKTurQEgu8ZeUEyadZfXgpgHPWpDyx6Zyxi,13,6,0.00203928,0,,3158.942299876316,0,0,0.2933739323885375,0.06914639961850261,6.9,false,false
431881,1776679430,uhgtxTKpatmLiHFpUQN8VhL8ULtNYCQhmKD2LGt2txQ,10,8,0.001462823,0,,2447.0689023628506,0,0,0.40646445496623407,0.10911905069005547,10.9,false,false
231688,1776679429,84vGsG7BHQWKXvYxtHCKBeCG18dwm7DsCZoco4Ez4oDi,7,7,0.007231613,0,,3747.949010671715,0,0,0.6604557598020293,0.27677826760395574,27.7,false,false
254290,1776679429,G4h6K6AGkZRTy9g2GB4x6YF4MvsoAfsGJPjoBriyX9Bw,31,8,3.44253406,0,,2385.459949858552,0,0,0.11013852970751845,0.01842644047967242,1.8,false,false
223940,1776679415,46dqndBWQhi6wZPWhDcPeaGNvv863wFvVqW77okVDMYr,8,7,0.255016081,0,,128655.45657251925,1,1,0.8712223579378212,0.6979591836734694,69.8,true,false
324318,1776679413,DjqoKjW4CrmUnkM8UCvTzQvhM4PpFkAqkuNJdKqWvARF,11,6,,0,,5479.827103659791,0,0,0.6603609780817888,0.27677826760395574,27.7,false,false
70131,1776679411,3TncWoDxuf1QaayqVUsgo79ShG5eHmYZrcdkKG2debBu,25,4,0.228898347,0,,2383.8861340123785,0,0,0.02830799762866722,0.0026720106880427524,0.3,false,false
204546,1776679411,9Lm9EvBVfieK59d8LQ2Nqqn5hFnNesAMMqPNT7c2KRb1,9,5,0.217775102,0,,3498.0635010706533,0,0,0.11664687641089733,0.021827000808407437,2.2,false,false
171820,1776679408,BZT7iGrDBvwUhEwKFgCa5xMCFqvuW7pW1edUJgXKizmn,3,3,0.062569016,0,,4510.810314479474,0,0,0.7337545725990622,0.3583274523641496,35.8,false,false
42564,1776679406,BjfjSEFxp2F3vB5pUVWgf6TPLZZ1xSL9wq1bsNaB2NC6,27,8,,0,,3574.8554661376725,0,0,0.483152264041177,0.16031331592689296,16.0,false,false
152431,1776679399,M3RwAyMBzpQ8CssbzA9UgFdDTMwp4iUGXJ5w18os8aY,10,9,1.165309638,0,,2418.933402407338,0,0,0.649061861094977,0.26425717399200865,26.4,false,false
175851,1776679396,5QuJNUHQtTZCsdvGgiL1TE5ujw6nMd1ZM1T1ZBY568x1,27,11,0.539550522,0,,2384.569376693218,0,0,0.18226346193331797,0.036617262423714034,3.7,false,false
362058,1776679389,84vGsG7BHQWKXvYxtHCKBeCG18dwm7DsCZoco4Ez4oDi,7,7,0.007231613,0,,4079.049957145095,0,0,0.6950422377470282,0.30951526032315974,31.0,false,false
364588,1776679387,FZQNZhYHA82LydrNf3eazGLm4dYcx6a29oXXje5DQzMd,14,6,0.000376505,0,,3428.984497600308,0,0,0.6898866506369353,0.3052899936265137,30.5,false,false
78759,1776679382,5DDEaV8fD1d5Ygn7P2Naq1WzWJAULa5TX2GBJxicZM9g,19,7,0.7,0,,5031.671685608085,0,0,0.593902423730336,0.21895424836601307,21.9,false,false
90097,1776679364,3mJXMZ4TMCXbRyCguVQaACHyqQJLzMXPPiTewHyFZiMs,8,8,0.090300515,0,,11155.92120754282,1,1,0.6745977497994623,0.2782791817087844,27.8,false,false
212165,1776679355,6ADDmYqpKtYoHXa6VL6bRLgYUPGGYipZnix2kc1AYs22,24,6,0.026797654,0,,7717.918290236597,1,1,0.20469735284108517,0.04159132007233273,4.2,false,false
206222,1776679328,8k2yJTZvHmR6jJqPT42C1R9rbYRsQKsS317tHa5tm6LA,9,4,1.0,0,,8793.999968717546,1,1,0.25341380144439385,0.054998480704952904,5.5,false,false
493926,1776679327,6MMJgPRcvNWetgrqafH3szNPQdEeu96mZoNPjvRYmD1U,12,3,2.0,0,,6933.13181451277,1,1,0.8112429327222431,0.4742268041237113,47.4,true,false
82227,1776679316,EBbb6u6P3nAgTComt4b9vSuDxhqh9L1XZjHGyxRjKdJR,6,6,0.028254941,0,,2849.5328722942827,0,0,0.13843865827287077,0.03230890464933018,3.2,false,false
25746,1776679311,4JvmrKE3Vngy6i4vJ5ht4C6gZToMebxkbQ6tFVdwVU2W,8,6,0.044191116,0,,2395.6881849806887,0,0,0.032930547670527555,0.0031570639305445935,0.3,false,false
103429,1776679309,24XmpY1Xk2miETKYwFpLnHyqKLyewcQujMWXcfz6hHiv,10,6,0.162737683,0,,2959.7558706509412,0,0,0.37986961746326653,0.10335680032649731,10.3,false,false
305305,1776679309,uhgtxTKpatmLiHFpUQN8VhL8ULtNYCQhmKD2LGt2txQ,10,8,0.001462823,0,,2387.6944743826793,0,0,0.4413782700396756,0.12563145179002863,12.6,false,false
157785,1776679306,84vGsG7BHQWKXvYxtHCKBeCG18dwm7DsCZoco4Ez4oDi,7,7,0.007231613,0,,4368.942486633504,0,0,0.6760844372910738,0.2782791817087844,27.8,false,false
246313,1776679303,7qLpFfnBG6b3MFS2XTncyRG9bfxEqe2DJADFTtexCeBw,8,4,2.91748,0,,4849.457038788544,0,0,0.5385134860125155,0.18153661704465981,18.2,false,false
368307,1776679301,DjqoKjW4CrmUnkM8UCvTzQvhM4PpFkAqkuNJdKqWvARF,13,8,,0,,3276.8671527884444,0,0,0.5552402455967791,0.18333333333333332,18.3,false,false
121230,1776679292,HZcLqGM2LstqnStuAAnjLhfN9V2FyAG4CdweMZEMYYCe,11,4,0.264859312,0,,14535.507370495252,1,1,0.9278679873171305,0.8626045400238949,86.3,true,false
179756,1776679283,84vGsG7BHQWKXvYxtHCKBeCG18dwm7DsCZoco4Ez4oDi,7,7,0.007231613,0,,7676.099831424661,1,1,0.6567931554030991,0.26425717399200865,26.4,false,false
395794,1776679281,A3VCqcHUZaqkCWKPByJPNZv2wiUuiKduWZnpt7SVs8dg,11,6,0.140759592,0,,2956.9561356133922,0,0,0.26108319162887333,0.05726872246696035,5.7,false,false
482762,1776679276,Dfv8M6RUAeDVefkRDEi6nY4pTpBTXTW22yUX9QQeAUJG,27,8,0.904550471,0,,4042.3334462764237,0,0,0.42849237549828856,0.11812840956777172,11.8,false,false
291974,1776679260,tpQrYc8GFJeqepwztk7QH6hDfZchu3toxMQJkDtgSsf,11,5,0.1552436,0,,2390.834548129339,0,0,0.28639983970023747,0.06914639961850261,6.9,false,false
386243,1776679259,84vGsG7BHQWKXvYxtHCKBeCG18dwm7DsCZoco4Ez4oDi,7,7,0.007231613,0,,4558.820518687468,0,0,0.6697278947239184,0.27677826760395574,27.7,false,false
384141,1776679255,2Ybrb2TTqcy6yNQCxjzmnRahJGBiNAyFavNwcb5pyjXj,17,9,0.246,0,,2386.868165694961,0,0,0.17504992161065128,0.03427549194991056,3.4,false,false
3716,1776679253,3TncWoDxuf1QaayqVUsgo79ShG5eHmYZrcdkKG2debBu,25,4,0.228898347,0,,2379.2816954383857,0,0,0.0221726758637122,0.0017064846416382253,0.2,false,false
249602,1776679253,3TncWoDxuf1QaayqVUsgo79ShG5eHmYZrcdkKG2debBu,25,4,0.228898347,0,,2379.1407075217926,0,0,0.0029684373154047544,0.0001002004008016032,0.0,false,false
289435,1776679253,3TncWoDxuf1QaayqVUsgo79ShG5eHmYZrcdkKG2debBu,25,4,0.228898347,0,,2379.1407075217926,0,0,0.0029684373154047544,0.0001002004008016032,0.0,false,false
317353,1776679253,BZT7iGrDBvwUhEwKFgCa5xMCFqvuW7pW1edUJgXKizmn,3,3,0.062569016,0,,11902.251563401638,1,1,0.7383365520443834,0.3583274523641496,35.8,false,false
309549,1776679252,BMV3578mmLtt6PZG7Nwyo3VbkWKPTSUx5JJrJiQpMjyL,11,11,0.035280886,0,,3402.641031094697,0,0,0.21141890166422508,0.04462640736949846,4.5,false,false
59857,1776679246,DKmAYAxKpGk5obeZTXaS53kPnH57vQxBE5vScwhgKqGc,5,5,0.016693474,0,,2405.2474075027944,0,0,0.3067773790814302,0.07557216254086876,7.6,false,false
110905,1776679245,Hvd4xQxQoSAoS5wDp5ReRxGS7djMYeT5RcEhGkjJMadR,9,9,0.164740333,0,,2893.3203499238493,0,0,0.5876925345783613,0.21895424836601307,21.9,false,false
303853,1776679241,7tAVJH3nki7wmFGSyfdaHeqfQRuXVjTtbeBqqkF8UB54,30,4,0.035510049,0,,2953.726100939721,0,0,0.20646014646262953,0.04159132007233273,4.2,false,false
463050,1776679239,EYpRpc2qqqenLQ8zK7uU9c5ZJeQS7dPBGiHtcbgfoGTh,9,3,0.010325194,0,,2413.81275098103,0,0,0.6269030038677177,0.248291015625,24.8,false,false
481928,1776679234,6HvULpyYig7nHjNsw4rJR5CPMRJydcXg1w3a6Xoz2bNf,27,8,41.549080888,0,,21463.260666327405,1,1,0.8236804605619505,0.4969611968209439,49.7,true,false
75158,1776679233,6MMJgPRcvNWetgrqafH3szNPQdEeu96mZoNPjvRYmD1U,9,3,2.0,0,,8329.689402681573,1,1,0.8139207582717765,0.4742268041237113,47.4,true,false
205942,1776679231,3TncWoDxuf1QaayqVUsgo79ShG5eHmYZrcdkKG2debBu,29,4,0.228898347,0,,2379.1407075217926,0,0,0.01616142121309793,0.0011408083441981746,0.1,false,false
262568,1776679231,3TncWoDxuf1QaayqVUsgo79ShG5eHmYZrcdkKG2debBu,29,4,0.228898347,0,,2379.1407075217926,0,0,0.001906060545721163,0.0,0.0,false,false
360529,1776679231,3TncWoDxuf1QaayqVUsgo79ShG5eHmYZrcdkKG2debBu,29,4,0.228898347,0,,2379.2816954383857,0,0,0.001906060545721163,0.0,0.0,false,false
3388,1776679220,84vGsG7BHQWKXvYxtHCKBeCG18dwm7DsCZoco4Ez4oDi,7,7,0.007231613,0,,4208.433859030515,0,0,0.6675368627299145,0.27677826760395574,27.7,false,false
371428,1776679215,9Lm9EvBVfieK59d8LQ2Nqqn5hFnNesAMMqPNT7c2KRb1,3,3,0.217775102,0,,3495.948479726103,0,0,0.12221599263198638,0.02447305135096902,2.4,false,false
38319,1776679201,4LrWxLnt9KirHed5XikKLDDMFLzEVN9LSjSuhC3uQ1ad,9,4,0.0986,0,,2436.2000990480683,0,0,0.24558940886341044,0.05172413793103448,5.2,false,false
330755,1776679185,FZQNZhYHA82LydrNf3eazGLm4dYcx6a29oXXje5DQzMd,18,3,0.000376505,0,,3377.1351391653634,0,0,0.7303651977513356,0.35229885057471266,35.2,false,false
79005,1776679184,6onGNniP9d52aVdQrgWNcYsuUPtLjdpZxeZqk7tHwxfQ,11,3,0.011764667,0,,2878.7297251286664,0,0,0.2985348086075691,0.07371794871794872,7.4,false,false
242811,1776679178,3mJXMZ4TMCXbRyCguVQaACHyqQJLzMXPPiTewHyFZiMs,6,2,0.090300515,0,,2114.076081190766,0,0,0.6630964011878951,0.27677826760395574,27.7,false,false
463139,1776679176,75gYzMvJm2DP4XnyXSVh3heFXwWu2EdiNVpi3KwXMggr,17,3,0.40697297,0,,2818.7733094248683,0,0,0.19821862628674913,0.040105773468488315,4.0,false,false
42539,1776679162,Ga45DCTs2Abc2nwCzyetUzrwKZoANRngbw5PrKiW2YUx,4,4,0.06,0,,2400.4378643719306,0,0,0.036280093615551214,0.0037418147801683817,0.4,false,false
61769,1776679149,6MMJgPRcvNWetgrqafH3szNPQdEeu96mZoNPjvRYmD1U,9,3,2.0,0,,6353.008329867521,1,1,0.8047898619318262,0.44065656565656564,44.1,true,false
12239,1776679144,uhgtxTKpatmLiHFpUQN8VhL8ULtNYCQhmKD2LGt2txQ,10,8,0.001462823,0,,2457.168927187458,0,0,0.5877252711209153,0.21895424836601307,21.9,false,false
287496,1776679144,BZT7iGrDBvwUhEwKFgCa5xMCFqvuW7pW1edUJgXKizmn,9,9,0.062569016,0,,4525.291018026282,0,0,0.7437357462053806,0.3726318192193563,37.3,false,false
262469,1776679142,GZD36WZnCLVj2MsWWQgXfH1VPDd2oGiuAGSvoa35NSEu,11,4,0.124476778,0,,6471.288056018552,1,1,0.35949734814753437,0.09549959817840879,9.5,false,false
269217,1776679126,HhJENixhxdPcScuUFwH438MwrVaYbsqYmUBa9Tw8HXAL,19,11,0.002043268,0,,2454.755734133177,0,0,0.31272961217011547,0.07557216254086876,7.6,false,false
150999,1776679123,D6aQMpj2VWWikmxPyAyGFdX7xmrBrz4EfSVdJ5JimXpQ,5,1,0.001387009,0,,4853.1959505538325,0,0,0.6332004284895772,0.25718001517286226,25.7,false,false
463122,1776679120,DEdwtjvCs6dSadA8b6EQwCP95mXebTqMDK6wh13xhdpR,29,4,0.0095527,0,,2380.3648680399606,0,0,0.039388493520678004,0.005292171995589856,0.5,false,false
294064,1776679112,96jrkk3E2MhmJc7hBeATLTnLE9Re2P5HagtC2eueYByx,17,3,0.032352374,0,,5537.111441037315,0,0,0.5228204518109588,0.16076173604960142,16.1,false,false
107696,1776679100,3TncWoDxuf1QaayqVUsgo79ShG5eHmYZrcdkKG2debBu,29,4,0.228898347,0,,2388.9960886564772,0,0,0.0016775131199657334,0.0,0.0,false,false
189048,1776679100,3TncWoDxuf1QaayqVUsgo79ShG5eHmYZrcdkKG2debBu,29,4,0.228898347,0,,2380.754642560619,0,0,0.013864983682279732,0.0011408083441981746,0.1,false,false
282750,1776679100,3TncWoDxuf1QaayqVUsgo79ShG5eHmYZrcdkKG2debBu,29,4,0.228898347,0,,2380.754642560619,0,0,0.0016775131199657334,0.0,0.0,false,false
280307,1776679099,HTDRZpmpaft8xq3QYawXQGT3Pb383e5FB7DQstsWERjU,21,7,0.003889307,0,,2738.6341924838357,0,0,0.5037228030317882,0.16076173604960142,16.1,false,false
353387,1776679099,BbZ68GUvBWtNpCjBVTM6aebJ3kosNf5Yy1LaRQ41uWwS,12,3,1.4,0,,2658.241836458739,0,0,0.5172793586815715,0.16076173604960142,16.1,false,false
490239,1776679098,44BWUKmzSoFNidZp5BPwFUVBNqaJL3eCfXoA2q6E4qts,19,8,0.002411652,0,,2396.6370129438833,0,0,0.019809720073545933,0.0017064846416382253,0.2,false,false
218175,1776679095,24XmpY1Xk2miETKYwFpLnHyqKLyewcQujMWXcfz6hHiv,8,4,0.162737683,0,,5116.958719202911,0,0,0.6519431484670846,0.26425717399200865,26.4,false,false
62505,1776679094,44BWUKmzSoFNidZp5BPwFUVBNqaJL3eCfXoA2q6E4qts,19,8,0.002411652,0,,2380.738961400843,0,0,0.020808507660034267,0.0017064846416382253,0.2,false,false
188541,1776679092,6MMJgPRcvNWetgrqafH3szNPQdEeu96mZoNPjvRYmD1U,9,3,2.0,0,,2518.961822520445,0,0,0.8098888284648895,0.4742268041237113,47.4,true,false
191439,1776679091,96jrkk3E2MhmJc7hBeATLTnLE9Re2P5HagtC2eueYByx,9,3,0.032352374,0,,3636.6069553247717,0,0,0.5704578203810887,0.2030440414507772,20.3,false,false
33135,1776679090,44BWUKmzSoFNidZp5BPwFUVBNqaJL3eCfXoA2q6E4qts,19,8,0.002411652,0,,2380.738961400843,0,0,0.1352016618532589,0.02447305135096902,2.4,false,false
251160,1776679083,EgpEfhZrfFJaBvvqu77obySDx1JicfoG2MY6KWk4iPz,7,6,,0,,3189.5270009337573,0,0,0.4076455653431149,0.10911905069005547,10.9,false,false
416198,1776679077,BKGtD8j9sMtkidEDZ5fNHuBA5iNSe2AkwB7gV6WkkF1z,14,8,0.024247107,0,,3039.175864671358,0,0,0.27584356990519887,0.06288819875776397,6.3,false,false
187368,1776679055,BnSJys7v985tCpKBa1vAD1Vy24JqJ6J9fAabUjfm8Tya,16,7,0.029629633,0,,2804.0627244879847,0,0,0.19834867150542115,0.040105773468488315,4.0,false,false
112903,1776679052,3SSK369guQrVVQm7CspetXot9E7kQBRzZKRW9AMRMeHr,5,5,5.0,0,,2713.143722551487,0,0,0.10228514448478676,0.016624782524647205,1.7,false,false
217115,1776679050,BZT7iGrDBvwUhEwKFgCa5xMCFqvuW7pW1edUJgXKizmn,4,4,0.062569016,0,,3120.0387160537566,0,0,0.7226293677776815,0.33942307692307694,33.9,false,false
68820,1776679049,Dqgc1geKrXKGZzB7qr1yFKY6vB7TG77eKtVreY9f8FWU,23,8,0.044031394,0,,10137.88986795058,1,1,0.6917145248248714,0.30951526032315974,31.0,false,false
407020,1776679032,9Lm9EvBVfieK59d8LQ2Nqqn5hFnNesAMMqPNT7c2KRb1,13,3,0.217775102,0,,3628.017820383319,0,0,0.3203008157090411,0.07557216254086876,7.6,false,false
435398,1776679032,FFdBLYqL9rs5fUT38ArE8GV2L3BziEgG5LJUu6sshfkF,9,9,0.059428493,0,,4140.702025075309,0,0,0.31814227404943307,0.07557216254086876,7.6,false,false
129241,1776679025,24XmpY1Xk2miETKYwFpLnHyqKLyewcQujMWXcfz6hHiv,14,4,0.162737683,0,,3749.6496449953725,0,0,0.6752762800735831,0.2782791817087844,27.8,false,false
83004,1776679024,tNWcce8atuUGXmRY9kY9dHu8kYu9DCjb7esgMQRJ4mt,21,7,0.2350277,0,,2436.223798554129,0,0,0.3235646117109086,0.07557216254086876,7.6,false,false
188858,1776679017,6MMJgPRcvNWetgrqafH3szNPQdEeu96mZoNPjvRYmD1U,10,3,2.0,0,,4162.721416345183,0,0,0.8084001466096729,0.44065656565656564,44.1,true,false
346845,1776679001,7US12yjzi6DKmJRMBXZ38KKA3eV4EahFGXt9vZ58dz4c,18,8,0.098021843,0,,2980.266160969268,0,0,0.42929560388881954,0.11812840956777172,11.8,false,false
187871,1776678989,BZT7iGrDBvwUhEwKFgCa5xMCFqvuW7pW1edUJgXKizmn,2,2,0.062569016,0,,3322.962806558673,0,0,0.7544895876178486,0.3726318192193563,37.3,false,false
56287,1776678984,3TncWoDxuf1QaayqVUsgo79ShG5eHmYZrcdkKG2debBu,26,4,0.228898347,0,,2380.7343316207644,0,0,0.01930025629525585,0.0017064846416382253,0.2,false,false
84896,1776678984,3TncWoDxuf1QaayqVUsgo79ShG5eHmYZrcdkKG2debBu,26,4,0.228898347,0,,2380.875413975547,0,0,0.002588860951820013,0.0,0.0,false,false
260553,1776678981,FZQNZhYHA82LydrNf3eazGLm4dYcx6a29oXXje5DQzMd,18,3,0.000376505,0,,23253.113277637334,1,1,0.6884492708476081,0.3052899936265137,30.5,false,false
41607,1776678980,AYFAPJ3aNnJaC3xdwQXPq6KW7nZ6iTYZGLmyHFWUab2t,7,6,0.144285766,0,,3826.1215255885577,0,0,0.4627455696952243,0.13938753959873285,13.9,false,false
5908,1776678977,4EH2RGDvVrwsR1ue7ohu6RxogqJVcCGJtEHGdwk6Cwxh,7,7,0.013514856,0,,2590.866606610385,0,0,0.2071205457917603,0.04159132007233273,4.2,false,false
306048,1776678976,42uEAtYUtzku9WtXr4z3GBRbW2YpLVkB1jShbT8mGzUo,13,6,0.040710663,0,,5094.7850974376115,0,0,0.15954794482986945,0.03427549194991056,3.4,false,false
281869,1776678972,5gDFJbPDwxjrir1XPQDq3pnKmMUptX4ppax597hsouPH,11,3,0.302478,0,,2396.4199732950165,0,0,0.38248829320725064,0.10335680032649731,10.3,false,false
324269,1776678968,9Lm9EvBVfieK59d8LQ2Nqqn5hFnNesAMMqPNT7c2KRb1,3,3,0.217775102,0,,3493.4386136855605,0,0,0.3305708445731056,0.08291991495393337,8.3,false,false
26352,1776678964,4tsytSYr5mBDFGAy1aW5vB6nvo76RycVN5XP3H6sxoDt,7,7,0.025100182,0,,2380.797222539916,0,0,0.03819836830095032,0.0037418147801683817,0.4,false,false
52266,1776678961,3mJXMZ4TMCXbRyCguVQaACHyqQJLzMXPPiTewHyFZiMs,7,7,0.090300515,0,,7132.9387463998655,1,1,0.6543477071745495,0.26425717399200865,26.4,false,false
50526,1776678944,8VazZfLKzKchKSGnM9k2J731sNMAQMjjoUcXaZVnE43N,7,7,1.176679517,0,,20377.13546657477,1,1,0.8919128801635982,0.7324324324324324,73.2,true,false
451948,1776678941,4UNXu1qcARrTtHfA4TyELDAoD4F3isEuydatVAc5W7t1,13,4,0.140842149,0,,2502.171020998103,0,0,0.602663444534269,0.2212588310854207,22.1,false,false
217635,1776678939,DEVsZnwbqtjDyn5kJyvP4YFcfnqQdbS1u5jDyeFVy1fQ,11,8,0.041153687,0,,2816.5763511079954,0,0,0.40161655107823485,0.10911905069005547,10.9,false,false
260859,1776678937,6MMJgPRcvNWetgrqafH3szNPQdEeu96mZoNPjvRYmD1U,10,3,2.0,0,,13324.801148860619,1,1,0.8045426840386499,0.44065656565656564,44.1,true,false
237335,1776678931,HGR7m7TmMayk8dKiFVScqt7waVPqUHqiKUSvPy2wp9sh,9,4,0.042116003,0,,3318.078926483979,0,0,0.6679355876528354,0.27677826760395574,27.7,false,false
311719,1776678931,9EA3PF8gjoQQJ6gf9wRHWxX4sREXVppFJZrjSvBHcc5v,4,4,0.023961177,0,,3046.749697634172,0,0,0.10934361820824397,0.01842644047967242,1.8,false,false
82885,1776678929,3TncWoDxuf1QaayqVUsgo79ShG5eHmYZrcdkKG2debBu,17,4,0.228898347,0,,2380.636293037073,0,0,0.0029247451668363267,0.0001002004008016032,0.0,false,false
248654,1776678929,3TncWoDxuf1QaayqVUsgo79ShG5eHmYZrcdkKG2debBu,17,4,0.228898347,0,,2380.7773695820874,0,0,0.028862915863605353,0.0026720106880427524,0.3,false,false
323024,1776678929,3TncWoDxuf1QaayqVUsgo79ShG5eHmYZrcdkKG2debBu,17,4,0.228898347,0,,2380.636293037073,0,0,0.0029247451668363267,0.0001002004008016032,0.0,false,false
418140,1776678928,BCW52jwd2BYAtdfs9KxcJi93EcpSNB27PzJcuUnajebT,8,8,0.136031036,0,,2621.3364411073867,0,0,0.2904286059211404,0.06914639961850261,6.9,false,false
247636,1776678927,HWJuzwJhpuS3Xzn9jMCmdV5pak5e6sJfufiPx9yzUUgf,4,3,1.05108476,0,,3304.6851097782974,0,0,0.326853023210402,0.08080808080808081,8.1,false,false
432247,1776678921,Hp6BGvfSky7cSTEYmKtiZESfbfzLRyHd52QDWyqSgbPz,11,6,0.529,0,,2492.2952379416,0,0,0.33622296873301594,0.08291991495393337,8.3,false,false
82213,1776678909,7zhnDxwLs2VPfNy7LPb9f9TzQahtyBc7ggJnpWE2pvWw,7,7,0.015406422,0,,2746.844399736364,0,0,0.14291034300526506,0.03230890464933018,3.2,false,false
87636,1776678907,3TncWoDxuf1QaayqVUsgo79ShG5eHmYZrcdkKG2debBu,15,4,0.228898347,0,,2380.636293037073,0,0,0.003040981474639776,0.0001002004008016032,0.0,false,false
265410,1776678907,3TncWoDxuf1QaayqVUsgo79ShG5eHmYZrcdkKG2debBu,15,4,0.228898347,0,,2380.7773695820874,0,0,0.03548272909992796,0.003205128205128205,0.3,false,false
485874,1776678907,3TncWoDxuf1QaayqVUsgo79ShG5eHmYZrcdkKG2debBu,15,4,0.228898347,0,,2380.636293037073,0,0,0.003040981474639776,0.0001002004008016032,0.0,false,false
392874,1776678895,HhJENixhxdPcScuUFwH438MwrVaYbsqYmUBa9Tw8HXAL,25,11,0.002043268,0,,2621.711989740094,0,0,0.32162400256749857,0.07557216254086876,7.6,false,false
45240,1776678878,6MMJgPRcvNWetgrqafH3szNPQdEeu96mZoNPjvRYmD1U,10,3,2.0,0,,6559.838845129619,1,1,0.8017724745999111,0.4377142857142857,43.8,true,false
250852,1776678857,2Ybrb2TTqcy6yNQCxjzmnRahJGBiNAyFavNwcb5pyjXj,9,3,0.246,0,,2393.63442321658,0,0,0.2703061933017036,0.06146926536731634,6.1,false,false
351165,1776678856,EZo2KvCz2P4gX33izF9os4FL9oNediXNGzxkZ47bcFUg,26,6,2.175997639,0,,30745.86197263427,1,1,0.9317742843893141,0.8626045400238949,86.3,true,false
107815,1776678828,9vicUk2v7B1qFHhfB6kFdEcXL2KcFXpj4KkHbkY1oLTe,3,3,0.860831,0,,3196.155455798516,0,0,0.7301066385137998,0.35229885057471266,35.2,false,false
164180,1776678827,5QTpSw42pzayPPe8shNLiXC6SDsRon6Pi1zCN7uLQbfm,11,7,0.269579013,0,,14867.955720779995,1,1,0.9246365198528278,0.8626045400238949,86.3,true,false
168523,1776678821,5bVru2K76gZU9wYQr8HnQwLGPM6jMBV5wP7QB7f8eh2z,5,5,0.041661451,0,,2433.815296776906,0,0,0.4363073473663215,0.12563145179002863,12.6,false,false
210324,1776678819,3TncWoDxuf1QaayqVUsgo79ShG5eHmYZrcdkKG2debBu,30,4,0.228898347,0,,2380.168435194713,0,0,0.019451499121743893,0.0017064846416382253,0.2,false,false
244790,1776678819,3TncWoDxuf1QaayqVUsgo79ShG5eHmYZrcdkKG2debBu,30,4,0.228898347,0,,2380.309484014464,0,0,0.0019068598505906746,0.0,0.0,false,false
434842,1776678819,3TncWoDxuf1QaayqVUsgo79ShG5eHmYZrcdkKG2debBu,30,4,0.228898347,0,,2380.168435194713,0,0,0.0019068598505906746,0.0,0.0,false,false
102175,1776678812,6MMJgPRcvNWetgrqafH3szNPQdEeu96mZoNPjvRYmD1U,10,3,2.0,0,,4357.549607513491,0,0,0.8046322872923427,0.44065656565656564,44.1,true,false
150358,1776678810,EyY1DMZ6mGCx8BU7n3gPRW6DQnZWxGQC4CTJJLWPxarx,10,4,0.239410046,0,,3875.31888115792,0,0,0.5118680863951283,0.16076173604960142,16.1,false,false
130152,1776678808,DEVsZnwbqtjDyn5kJyvP4YFcfnqQdbS1u5jDyeFVy1fQ,11,8,0.041153687,0,,3360.840982471919,0,0,0.44365114388308236,0.12836506894287586,12.8,false,false
367011,1776678803,6SJUjJWZuzh3okNs32qZZPBRfGh3DfmtpX3D8sYtKHpP,12,6,0.018075977,0,,3647.874374253235,0,0,0.26107457937394796,0.05726872246696035,5.7,false,false
161318,1776678801,6ADDmYqpKtYoHXa6VL6bRLgYUPGGYipZnix2kc1AYs22,24,6,0.026797654,0,,3410.517078100254,0,0,0.39182219082840275,0.10335680032649731,10.3,false,false
304503,1776678799,HiSo5kykqDPs3EG14Fk9QY4B5RvkuEs8oJTiqPX3EDAn,5,6,0.038859198,0,,7416.157030316747,1,1,0.532940995225553,0.18153661704465981,18.2,false,false
17904,1776678797,8nByv7uXGz8WWJKDmJXRVKU4kgXp3HGRKEEUwQFdFfVz,15,8,2.2,0,,3454.5486405485613,0,0,0.24010378201056914,0.04865354152523195,4.9,false,false
343431,1776678796,3mJXMZ4TMCXbRyCguVQaACHyqQJLzMXPPiTewHyFZiMs,5,3,0.090300515,0,,6593.94187963069,1,1,0.6958128411980071,0.30951526032315974,31.0,false,false
331242,1776678795,HcL7RbEoJpphuJ89TRh3vKpp8i4QCvG6eyVDsK4eDmTG,10,10,0.021377435,0,,2937.6497654950654,0,0,0.4154463881199582,0.10911905069005547,10.9,false,false
79673,1776678775,6ZnydvtUFJcNChwvuqVKKdens45r3au7dnFcQVKp77a4,8,4,,0,,4058.0966198352357,0,0,0.7427469638166991,0.3726318192193563,37.3,false,false
162086,1776678767,8NSbpennZBA7uNQco8NBX2g6DPBE3269D5Mu1HhTq1mA,14,7,1.653395142,0,,3152.8520579850388,0,0,0.22848751624775873,0.04462640736949846,4.5,false,false
295895,1776678759,866SrsMfwKsErATZDCLAPbxH3NuqjKn7zQ1xXMqixoz1,15,8,0.8,0,,9985.49770223803,1,1,0.30264131606217065,0.07557216254086876,7.6,false,false
260271,1776678750,41bwAjoSv1si2cyEfP6gqHniAmU9BdKXzGPADYYQZRH5,14,9,0.051566006,0,,4610.817262675523,0,0,0.1809595593200393,0.036617262423714034,3.7,false,false
14489,1776678738,4UWshwpJLs9UhGYwHP8tfTLwPTXkafonhoT9Xefda4tz,8,8,6.237354325,0,,5415.304196568937,0,0,0.595990168769812,0.21895424836601307,21.9,false,false
152026,1776678728,3TncWoDxuf1QaayqVUsgo79ShG5eHmYZrcdkKG2debBu,13,4,0.228898347,0,,2379.6571372975245,0,0,0.0034899558946641226,0.0001002004008016032,0.0,false,false
166439,1776678728,3TncWoDxuf1QaayqVUsgo79ShG5eHmYZrcdkKG2debBu,13,4,0.228898347,0,,2379.6571372975245,0,0,0.04651567018265625,0.005292171995589856,0.5,false,false
399703,1776678728,3TncWoDxuf1QaayqVUsgo79ShG5eHmYZrcdkKG2debBu,13,4,0.228898347,0,,2396.675141707314,0,0,0.0034899558946641226,0.0001002004008016032,0.0,false,false
261143,1776678727,Bs8dU2xKC7RhVFjrTDTbbSjoLcVhsdxG32xHVQBuB21Z,8,8,0.999984355,0,,3576.9902800087357,0,0,0.38811192093847946,0.10335680032649731,10.3,false,false
158684,1776678726,AxmFqz3pbhj6HDK9dC1u7LsYP3rbsTJyKkeCMSpAxrgU,16,8,0.155,0,,2994.3327297665724,0,0,0.2101071469462346,0.04462640736949846,4.5,false,false
259805,1776678722,tpQrYc8GFJeqepwztk7QH6hDfZchu3toxMQJkDtgSsf,10,10,0.1552436,0,,2387.5937077593976,0,0,0.3685339481025511,0.09643539147040102,9.6,false,false
478895,1776678720,3mJXMZ4TMCXbRyCguVQaACHyqQJLzMXPPiTewHyFZiMs,15,3,0.090300515,0,,5241.185533324532,1,1,0.6665133863926482,0.27677826760395574,27.7,false,false
40406,1776678717,Fbj4JxsWtmijwumRvTYeQREVy8W28zEWShUuxKRV4TPQ,11,6,0.05,0,,30973.58235442803,1,1,0.3784789701447587,0.10335680032649731,10.3,false,false
168832,1776678711,2Ybrb2TTqcy6yNQCxjzmnRahJGBiNAyFavNwcb5pyjXj,10,3,0.246,0,,2394.783592318097,0,0,0.3022226522179289,0.07557216254086876,7.6,false,false
418800,1776678709,4LrWxLnt9KirHed5XikKLDDMFLzEVN9LSjSuhC3uQ1ad,29,4,0.0986,0,,2426.489168791739,0,0,0.2958918826818502,0.06914639961850261,6.9,false,false
59144,1776678707,3TncWoDxuf1QaayqVUsgo79ShG5eHmYZrcdkKG2debBu,30,4,0.228898347,0,,2379.124882769098,0,0,0.001957655999793899,0.0,0.0,false,false
197073,1776678707,3TncWoDxuf1QaayqVUsgo79ShG5eHmYZrcdkKG2debBu,30,4,0.228898347,0,,2379.2658697479155,0,0,0.01399049047493166,0.0011408083441981746,0.1,false,false
236091,1776678707,3TncWoDxuf1QaayqVUsgo79ShG5eHmYZrcdkKG2debBu,30,4,0.228898347,0,,2379.124882769098,0,0,0.001957655999793899,0.0,0.0,false,false
156255,1776678706,BZT7iGrDBvwUhEwKFgCa5xMCFqvuW7pW1edUJgXKizmn,2,2,0.062569016,0,,2026.851693953153,0,0,0.7672300324298256,0.4089024053082666,40.9,false,false
382558,1776678705,DEVsZnwbqtjDyn5kJyvP4YFcfnqQdbS1u5jDyeFVy1fQ,11,8,0.015159503,0,,3219.7779072193366,0,0,0.45299384702389306,0.12875912408759127,12.9,false,false
50008,1776678698,6MMJgPRcvNWetgrqafH3szNPQdEeu96mZoNPjvRYmD1U,10,3,2.0,0,,33427.15143167133,1,1,0.802187292116178,0.4377142857142857,43.8,true,false
202540,1776678695,C7qegQ7mKivttCky54zbJzHbohyGf2BzzqBQDDqCbqqZ,3,6,0.064327874,0,,2474.027009089135,0,0,0.113881807078883,0.021827000808407437,2.2,false,false
316980,1776678695,BkJzLBgpqJj6eSrMEsM7nCDBwjrAEBrYK1uHdK34SKDx,23,6,0.000592594,0,,3046.9632770800877,0,0,0.5344773379579817,0.18153661704465981,18.2,false,false
235037,1776678694,3TncWoDxuf1QaayqVUsgo79ShG5eHmYZrcdkKG2debBu,27,4,0.228898347,0,,2379.2658697479155,0,0,0.024080922900913963,0.002325581395348837,0.2,false,false
352784,1776678694,3TncWoDxuf1QaayqVUsgo79ShG5eHmYZrcdkKG2debBu,27,4,0.228898347,0,,2379.124882769098,0,0,0.0026933679436434974,0.0001002004008016032,0.0,false,false
471480,1776678694,3TncWoDxuf1QaayqVUsgo79ShG5eHmYZrcdkKG2debBu,27,4,0.228898347,0,,2379.124882769098,0,0,0.0026933679436434974,0.0001002004008016032,0.0,false,false
175608,1776678682,HGR7m7TmMayk8dKiFVScqt7waVPqUHqiKUSvPy2wp9sh,11,7,0.042116003,0,,3871.7186309208155,0,0,0.8068616202851511,0.44065656565656564,44.1,true,false
58865,1776678676,3TncWoDxuf1QaayqVUsgo79ShG5eHmYZrcdkKG2debBu,29,4,0.228898347,0,,2380.8832441185355,0,0,0.002831876057594234,0.0001002004008016032,0.0,false,false
108323,1776678676,3TncWoDxuf1QaayqVUsgo79ShG5eHmYZrcdkKG2debBu,29,4,0.228898347,0,,2381.024335297875,0,0,0.023972856722659714,0.002325581395348837,0.2,false,false
295888,1776678676,3TncWoDxuf1QaayqVUsgo79ShG5eHmYZrcdkKG2debBu,29,4,0.228898347,0,,2380.8832441185355,0,0,0.002831876057594234,0.0001002004008016032,0.0,false,false
351574,1776678666,G1upRwiQNGaxbrgttx3t3E2vPfQmZR3WPR5EyzTHE5Z1,9,7,0.168178711,0,,2388.799684751389,0,0,0.1352320440090113,0.02447305135096902,2.4,false,false
373274,1776678658,3dkCtYNdssLo1Q9rcCiXNJXRPw3k3Qg1ivr1husYnzRN,14,8,1.2,0,,3031.0645499200605,0,0,0.5607678208394212,0.18333333333333332,18.3,false,false
143476,1776678657,5gRvQiYAXqrPne1ijZivyHxZK2avMnR2ZPpFjPmodNtG,6,6,0.016875179,0,,2867.5940902156085,0,0,0.3809684820780126,0.10335680032649731,10.3,false,false
9112,1776678654,3TncWoDxuf1QaayqVUsgo79ShG5eHmYZrcdkKG2debBu,26,4,0.228898347,0,,2378.6966774745774,0,0,0.0015125960934364187,0.0,0.0,false,false
88443,1776678654,3TncWoDxuf1QaayqVUsgo79ShG5eHmYZrcdkKG2debBu,26,4,0.228898347,0,,2378.8376390779426,0,0,0.0015125960934364187,0.0,0.0,false,false
474236,1776678654,3TncWoDxuf1QaayqVUsgo79ShG5eHmYZrcdkKG2debBu,26,4,0.228898347,0,,2378.6966774745774,0,0,0.007608774799340593,0.0001002004008016032,0.0,false,false
374438,1776678653,Dv93rwLFcZ1ZaEEYVZYMWEfVcFoF5ZmHuHPsVfV1J9HM,18,4,0.001006084,0,,3742.5538320227215,0,0,0.2645065970590485,0.05726872246696035,5.7,false,false
275261,1776678648,HNP3KD5JPTP23vfP5mCiwhzYvfK3yA93KB5kxqT6yF5G,29,4,0.234208016,0,,2855.249434836381,0,0,0.13359373456742168,0.02447305135096902,2.4,false,false
30187,1776678637,2Ybrb2TTqcy6yNQCxjzmnRahJGBiNAyFavNwcb5pyjXj,11,6,0.246,0,,2386.6178008549546,0,0,0.4022382292113595,0.10911905069005547,10.9,false,false
190301,1776678633,C181JdCp6MpTs5HzHwyCdtkj3LL27VbxNCeobTcf7QCa,14,8,0.043764694,0,,10965.107242382921,1,1,0.4156462966015152,0.10911905069005547,10.9,false,false
290518,1776678633,3TncWoDxuf1QaayqVUsgo79ShG5eHmYZrcdkKG2debBu,26,4,0.228898347,0,,2378.6966774745774,0,0,0.0014552374029658832,0.0,0.0,false,false
439392,1776678633,3TncWoDxuf1QaayqVUsgo79ShG5eHmYZrcdkKG2debBu,26,4,0.228898347,0,,2378.6966774745774,0,0,0.005955781849054427,0.0001002004008016032,0.0,false,false
473865,1776678633,3TncWoDxuf1QaayqVUsgo79ShG5eHmYZrcdkKG2debBu,26,4,0.228898347,0,,2378.8376390779426,0,0,0.0014552374029658832,0.0,0.0,false,false
79828,1776678630,HF2EGxkKXRhdR93ZN5fY925PpecZDwRfKwhag6mvFMLW,27,8,0.111229007,0,,3514.759917275525,0,0,0.6158109760522729,0.23723647447294893,23.7,false,false
460247,1776678620,9hypTtR2qZkUSY8FfMw9YjZ4KQQ6ji39kSmambMdcXAV,6,5,0.01014224,0,,6488.963981051719,1,1,0.6337822185924704,0.25718001517286226,25.7,false,false
60082,1776678619,3TncWoDxuf1QaayqVUsgo79ShG5eHmYZrcdkKG2debBu,26,4,0.228898347,0,,2379.211128365183,0,0,0.0012216050865459015,0.0,0.0,false,false
122160,1776678619,3TncWoDxuf1QaayqVUsgo79ShG5eHmYZrcdkKG2debBu,26,4,0.228898347,0,,2379.352120454916,0,0,0.0012216050865459015,0.0,0.0,false,false
172688,1776678619,3TncWoDxuf1QaayqVUsgo79ShG5eHmYZrcdkKG2debBu,26,4,0.228898347,0,,2379.211128365183,0,0,0.006978707862262416,0.0001002004008016032,0.0,false,false
258286,1776678616,EDzX2FRUnH29AQfakoUohFJC9RSsBJa91DWFShGDxVuV,15,3,0.054223547,0,,2389.21592653649,0,0,0.3360792342770103,0.08291991495393337,8.3,false,false
468015,1776678612,BZT7iGrDBvwUhEwKFgCa5xMCFqvuW7pW1edUJgXKizmn,5,5,0.062569016,0,,8269.140558871783,1,1,0.7419580277026867,0.3583274523641496,35.8,false,false
76894,1776678598,39oSGULGXc3D8oRkZT8gZFhpfkCDSRLoVx4LXkPH9tLd,9,9,0.00183704,0,,2429.410367215262,0,0,0.48266887073083636,0.16031331592689296,16.0,false,false
180481,1776678598,44BWUKmzSoFNidZp5BPwFUVBNqaJL3eCfXoA2q6E4qts,13,4,0.002411652,0,,2528.012987376326,0,0,0.14178577581934057,0.03230890464933018,3.2,false,false
91189,1776678581,FQDA8qqbUMwyhQDPXxTVck7vf1NdziS1HdZAZjUdAEeh,12,6,0.255016081,0,,136936.80097185783,1,1,0.9240401722704774,0.8626045400238949,86.3,true,false
386468,1776678554,5JJLDJ9d7WeP4sz6KGNRF3ueEF33dtbsihGVC5eyQu9D,1,1,0.00192492,0,,3220.769102724072,0,0,0.41434943140709,0.10911905069005547,10.9,false,false
131801,1776678549,8yyvyxZDGjS9VpoVFhBD5SRyipiDjoeu2GKbopoFVmBt,9,4,0.881222737,0,,15115.141304049435,1,1,0.9405619649052253,0.9386503067484663,93.9,true,false
171061,1776678549,4k9FDbDBefULVYNdxXpUH5R91gkCWpPVaDcJPSqVuzwr,12,6,0.002195081,0,,2381.584673168405,0,0,0.3098312362417413,0.07557216254086876,7.6,false,false
23285,1776678545,FFdBLYqL9rs5fUT38ArE8GV2L3BziEgG5LJUu6sshfkF,9,3,0.059428493,0,,4128.793856880928,0,0,0.2546911007707282,0.054998480704952904,5.5,false,false
99290,1776678541,6SJUjJWZuzh3okNs32qZZPBRfGh3DfmtpX3D8sYtKHpP,14,3,0.018075977,0,,2889.128319591278,0,0,0.5006431394788327,0.16076173604960142,16.1,false,false
422558,1776678537,BiCQ7k6afuhQ9qjta32pxwaEWTTKYnF7unBVL3wg8aB8,7,7,1.451550935,0,,3536.4059641805384,0,0,0.7289610681078911,0.35229885057471266,35.2,false,false
234190,1776678521,C181JdCp6MpTs5HzHwyCdtkj3LL27VbxNCeobTcf7QCa,18,6,0.043764694,0,,3757.7537773305557,0,0,0.1938012039603397,0.040105773468488315,4.0,false,false
201002,1776678518,8YdRUnP1gFFb8sbKZ48FR8FoDBVmEJvFBWjSFfmwpqwv,9,3,2.09349844,0,,8633.496088771031,1,1,0.49773341286767714,0.16076173604960142,16.1,false,false
212768,1776678518,2fUD7Uxsf41jeR3RLNLfY8FYXmaBjowZmikfy66RaEVY,12,5,0.070557683,0,,2399.071255641157,0,0,0.16921070008096045,0.03427549194991056,3.4,false,false
220769,1776678503,6MMJgPRcvNWetgrqafH3szNPQdEeu96mZoNPjvRYmD1U,10,3,2.0,0,,34695.45623121392,1,1,0.8018852419173609,0.4377142857142857,43.8,true,false
411076,1776678502,Ax7MkUy5ZF6RGv87VabyH3CCrMdc6rbMWKPsxqZyRpV9,10,3,0.197120148,0,,2856.066407359553,0,0,0.19227750006283345,0.040105773468488315,4.0,false,false
60749,1776678501,EyY1DMZ6mGCx8BU7n3gPRW6DQnZWxGQC4CTJJLWPxarx,3,3,0.239410046,0,,3195.796996940619,0,0,0.72888262602171,0.35229885057471266,35.2,false,false
95785,1776678484,BiCQ7k6afuhQ9qjta32pxwaEWTTKYnF7unBVL3wg8aB8,7,7,1.451550935,0,,5706.645415858963,1,1,0.645462371695562,0.25718001517286226,25.7,false,false
339490,1776678482,42uEAtYUtzku9WtXr4z3GBRbW2YpLVkB1jShbT8mGzUo,15,8,0.040710663,0,,3550.33106414387,0,0,0.1711497306164303,0.03427549194991056,3.4,false,false
157808,1776678477,2hCpjHThUhSRPKkRSvj9avGjC8DYkvkcWjtNKE7YpTzn,6,5,0.060395351,0,,3742.0709613146614,0,0,0.3321091154499061,0.08291991495393337,8.3,false,false
471397,1776678476,8xowtxm9fhwbH6bJTWyqWJCun7B4rhZcoD5eTz9byXSR,3,3,0.064029677,0,,2381.5493753975725,0,0,0.09926268691702372,0.016624782524647205,1.7,false,false
292779,1776678473,9hypTtR2qZkUSY8FfMw9YjZ4KQQ6ji39kSmambMdcXAV,6,4,0.01014224,0,,3441.335876769434,0,0,0.5877976320933127,0.21895424836601307,21.9,false,false
86913,1776678471,6MMJgPRcvNWetgrqafH3szNPQdEeu96mZoNPjvRYmD1U,9,3,2.0,0,,2412.9987036714397,0,0,0.8089245644909518,0.44065656565656564,44.1,true,false
237918,1776678470,2LdUMCFsMBJZwHV6y8mvTndf7L8R4tzpg9iAVm59Sebe,6,1,0.043534848,0,,2395.0055765054785,0,0,0.09505396063917558,0.016624782524647205,1.7,false,false
165758,1776678469,BZT7iGrDBvwUhEwKFgCa5xMCFqvuW7pW1edUJgXKizmn,4,4,0.062569016,0,,3564.241808287352,0,0,0.7132376147115418,0.33942307692307694,33.9,false,false
111752,1776678462,D6aQMpj2VWWikmxPyAyGFdX7xmrBrz4EfSVdJ5JimXpQ,5,1,0.001387009,0,,4221.535204495898,0,0,0.6447734408846174,0.25718001517286226,25.7,false,false
392033,1776678461,5SCvMKKtnh2HrfDF9FoegNmjToo63Mj6zLd8oUPm3Ywx,15,4,2.0,0,,4540.199307943483,0,0,0.3913363134975816,0.10335680032649731,10.3,false,false
81133,1776678459,iGm1qsrtnezXjsoxT4RarWiTwbPMqDkWaKAHc5L9pkd,7,5,,0,,31174.691422677817,1,1,0.650807643442014,0.26425717399200865,26.4,false,false
108892,1776678452,HQmV1sLSy7NRtcETQPfonnyJGNv6eFuWMs6yq7drcKhU,3,3,0.155017633,0,,3415.781195579434,0,0,0.7932089849041647,0.42317822651448633,42.3,true,false
1843,1776678447,E889zxDT9fnRojsEaskCabnaT37k7fuB9e3MKa3wc4sd,16,5,0.229544772,0,,7187.4940780908855,1,1,0.9080185177055495,0.8,80.0,true,false
377504,1776678446,DVhwSE98dHBtEGnQcYyAiEzE2XFjGnGwwuv9n1Ypnre9,14,3,3.129838502,0,,2709.8277948618675,0,0,0.16080909119026407,0.03427549194991056,3.4,false,false
460171,1776678444,7US12yjzi6DKmJRMBXZ38KKA3eV4EahFGXt9vZ58dz4c,13,8,0.098021843,0,,4817.232498532223,0,0,0.5181958477614795,0.16076173604960142,16.1,false,false
470120,1776678443,24XmpY1Xk2miETKYwFpLnHyqKLyewcQujMWXcfz6hHiv,11,5,0.162737683,0,,4143.638329018902,0,0,0.6307394325622735,0.25718001517286226,25.7,false,false
447605,1776678435,Fgg9ViMm68kLHmEXB9ofWh2ESdsxjnjsQW1tAhoNXEEM,7,7,0.102981724,0,,5561.623777280662,0,0,0.3283239193667287,0.08291991495393337,8.3,false,false
490886,1776678427,C181JdCp6MpTs5HzHwyCdtkj3LL27VbxNCeobTcf7QCa,16,10,0.043764694,0,,3295.2174324280563,0,0,0.19466369063697397,0.040105773468488315,4.0,false,false
375299,1776678417,BZT7iGrDBvwUhEwKFgCa5xMCFqvuW7pW1edUJgXKizmn,1,1,0.062569016,0,,2692.9907113175013,0,0,0.7321765866180623,0.3583274523641496,35.8,false,false
430399,1776678415,D9gQ6RhKEpnobPBUdWY5bPQt2p3zGk3iVz6ChpUi2ArA,16,10,0.885149999,0,,3339.796731791542,0,0,0.49770078251632527,0.16076173604960142,16.1,false,false
454269,1776678414,3mJXMZ4TMCXbRyCguVQaACHyqQJLzMXPPiTewHyFZiMs,8,4,0.090300515,0,,4840.983800502976,1,1,0.23540477236100554,0.04865354152523195,4.9,false,false
191772,1776678382,CAPekR3RPmCMh4EF3oQSfgwmfKQLS9V6sgLpL6nm9Ugh,10,3,0.013112532,0,,2485.6162831621755,0,0,0.3498982186624857,0.09549959817840879,9.5,false,false
172715,1776678377,Dv7xDoyr9bR3PiEuwQ9m8GVcCknKHzhjsg4qcwKCwJ2B,10,6,0.000782408,0,,2382.1342287486336,0,0,0.3983173603540714,0.10583623693379791,10.6,false,false
74296,1776678364,AUpBnQnQZmMpNskJjXw8ELi72PNS56MYBNPczvjTBS53,12,5,6.635547095,0,,4855.5964845935805,0,0,0.6768268306418654,0.2782791817087844,27.8,false,false
330462,1776678361,9Lm9EvBVfieK59d8LQ2Nqqn5hFnNesAMMqPNT7c2KRb1,15,3,1.5,0,,3510.3249706692322,0,0,0.217602258580211,0.04462640736949846,4.5,false,false
429592,1776678355,24XmpY1Xk2miETKYwFpLnHyqKLyewcQujMWXcfz6hHiv,24,3,0.162737683,0,,4164.804385329015,0,0,0.5071497380431833,0.16076173604960142,16.1,false,false
493557,1776678354,8gN15aJmAzSnyqS5po87bMaEipcoAmyRuFz6EJfhcYGD,4,4,0.019721002,0,,2540.098652503695,0,0,0.20967771955289605,0.04462640736949846,4.5,false,false
467298,1776678349,Dv7xDoyr9bR3PiEuwQ9m8GVcCknKHzhjsg4qcwKCwJ2B,6,6,0.000782408,0,,2382.468261179061,0,0,0.4289844725859328,0.11812840956777172,11.8,false,false
119385,1776678347,DQx7MNy5vkhRZa5rnUmCyt42fMB5VXUsDtF8qidEEy3Y,4,4,0.055311901,0,,2413.887196799448,0,0,0.11598822427267495,0.021827000808407437,2.2,false,false
77279,1776678335,4Xr6iuWQXyePbUDzYoGadrTCCpdXQXu2CE8pXoeqb9Xb,18,8,6.915029879,0,,2380.7745484046627,0,0,0.053335551815004795,0.005292171995589856,0.5,false,false
233258,1776678335,4Xr6iuWQXyePbUDzYoGadrTCCpdXQXu2CE8pXoeqb9Xb,18,8,6.915029879,0,,2380.7745484046627,0,0,0.005013172698810071,0.0001002004008016032,0.0,false,false
28608,1776678333,Hvd4xQxQoSAoS5wDp5ReRxGS7djMYeT5RcEhGkjJMadR,6,6,0.164740333,0,,2895.307290114908,0,0,0.5719228842148096,0.2088328075709779,20.9,false,false
92339,1776678333,3xzVwfuEW9CUV3wWf677rD7UiKv3xRokTXu8cyNfA4qa,18,8,4.926553966,0,,2380.7745484046627,0,0,0.04818412085831838,0.005292171995589856,0.5,false,false
241949,1776678333,3xzVwfuEW9CUV3wWf677rD7UiKv3xRokTXu8cyNfA4qa,18,8,4.926553966,0,,2380.7745484046627,0,0,0.00535623713268172,0.0001002004008016032,0.0,false,false
27953,1776678330,HCq56hp8XspxDVLjbm3bgsHAmwUUTzDKjkLBiaFqmN2g,18,8,0.202402178,0,,3714.192964724607,0,0,0.6657382100549837,0.27677826760395574,27.7,false,false
230874,1776678322,5JJLDJ9d7WeP4sz6KGNRF3ueEF33dtbsihGVC5eyQu9D,1,1,0.00192492,0,,2988.492655494907,0,0,0.40321535693480504,0.10911905069005547,10.9,false,false
129526,1776678318,6MMJgPRcvNWetgrqafH3szNPQdEeu96mZoNPjvRYmD1U,9,3,2.0,0,,13183.95025312122,1,1,0.8058367378581387,0.44065656565656564,44.1,true,false
461699,1776678303,D9gQ6RhKEpnobPBUdWY5bPQt2p3zGk3iVz6ChpUi2ArA,10,10,0.885149999,0,,3583.677594387626,0,0,0.2735846484748355,0.06288819875776397,6.3,false,false
310438,1776678297,D9gQ6RhKEpnobPBUdWY5bPQt2p3zGk3iVz6ChpUi2ArA,10,10,0.885149999,0,,4450.256687594275,0,0,0.5585599794183381,0.18333333333333332,18.3,false,false
358111,1776678290,N2DUtGMo4cCdfNZdxfL4nYZjV2HnoL8azg2p3NxpMFy,5,3,0.004937644,0,,2380.6767872734963,0,0,0.3269520681901586,0.08080808080808081,8.1,false,false
270326,1776678282,CQervCdE3WAUGRmaTj9NHdbNrNGVsxJb68t3QggcntM2,20,4,0.530124428,0,,4411.901689069823,0,0,0.5919795012187323,0.21895424836601307,21.9,false,false
243301,1776678272,C7qegQ7mKivttCky54zbJzHbohyGf2BzzqBQDDqCbqqZ,15,9,0.064327874,0,,2476.4649149333945,0,0,0.09696747425249394,0.016624782524647205,1.7,false,false
366178,1776678272,6ZnydvtUFJcNChwvuqVKKdens45r3au7dnFcQVKp77a4,8,4,,0,,8049.35580057541,1,1,0.7280247530796335,0.3426183844011142,34.3,false,false
19446,1776678269,HCq56hp8XspxDVLjbm3bgsHAmwUUTzDKjkLBiaFqmN2g,13,8,0.202402178,0,,27383.421590804264,1,1,0.5089882541881723,0.16076173604960142,16.1,false,false
334194,1776678264,6ZnydvtUFJcNChwvuqVKKdens45r3au7dnFcQVKp77a4,9,10,,0,,3550.7575124342484,0,0,0.6381541270540878,0.25718001517286226,25.7,false,false
478015,1776678256,BiCQ7k6afuhQ9qjta32pxwaEWTTKYnF7unBVL3wg8aB8,9,10,1.451550935,0,,12062.66282295383,1,1,0.5656632764644477,0.2030440414507772,20.3,false,false
489595,1776678250,6ZnydvtUFJcNChwvuqVKKdens45r3au7dnFcQVKp77a4,17,5,,0,,4382.695561294906,0,0,0.7494933974056561,0.3726318192193563,37.3,false,false
396893,1776678246,HSarJAHCzQ9yDH9HMxe3BKW4kPgYLMgsfLjEc2ZWovwR,10,4,0.5023,0,,2735.2430639408203,0,0,0.6271257069670773,0.248291015625,24.8,false,false
197062,1776678243,BZT7iGrDBvwUhEwKFgCa5xMCFqvuW7pW1edUJgXKizmn,6,6,0.062569016,0,,10574.523466210467,1,1,0.7299047830153683,0.35229885057471266,35.2,false,false
162584,1776678229,5JJLDJ9d7WeP4sz6KGNRF3ueEF33dtbsihGVC5eyQu9D,1,1,0.00192492,0,,2988.5996481781876,0,0,0.3799322071321408,0.10335680032649731,10.3,false,false
26320,1776678220,4tsytSYr5mBDFGAy1aW5vB6nvo76RycVN5XP3H6sxoDt,1,1,0.025100182,0,,2385.0763358324166,0,0,0.08620798285114194,0.013686662783925451,1.4,false,false
177551,1776678217,CQervCdE3WAUGRmaTj9NHdbNrNGVsxJb68t3QggcntM2,14,3,0.530124428,0,,3722.7631577183583,0,0,0.6162871179705681,0.23723647447294893,23.7,false,false
352983,1776678196,HiSo5kykqDPs3EG14Fk9QY4B5RvkuEs8oJTiqPX3EDAn,2,5,0.038859198,0,,3456.5454905902493,0,0,0.5811174639243332,0.21510883482714468,21.5,false,false
430676,1776678183,8gN15aJmAzSnyqS5po87bMaEipcoAmyRuFz6EJfhcYGD,13,7,0.019721002,0,,2589.6373611862246,0,0,0.1697652808016115,0.03427549194991056,3.4,false,false
51460,1776678181,6SJUjJWZuzh3okNs32qZZPBRfGh3DfmtpX3D8sYtKHpP,12,7,0.018075977,0,,2405.4665375526406,0,0,0.22035472230008474,0.04462640736949846,4.5,false,false
205537,1776678177,6MMJgPRcvNWetgrqafH3szNPQdEeu96mZoNPjvRYmD1U,9,3,2.0,0,,4611.8573493339845,0,0,0.8118319239446149,0.4742268041237113,47.4,true,false
423185,1776678173,Dfv8M6RUAeDVefkRDEi6nY4pTpBTXTW22yUX9QQeAUJG,10,9,0.904550471,0,,4323.344537967771,0,0,0.5151177699001961,0.16076173604960142,16.1,false,false
201799,1776678161,8H1Jh9NwXojzk6Vh4fe4GdLRvSmM5iyNEMHS3xH9cWG5,13,3,0.234262704,0,,4443.541049006116,0,0,0.12591578255181846,0.02447305135096902,2.4,false,false
230575,1776678160,CQervCdE3WAUGRmaTj9NHdbNrNGVsxJb68t3QggcntM2,21,7,0.530124428,0,,3616.1818055581,0,0,0.4965889345124566,0.16076173604960142,16.1,false,false
298983,1776678159,BZT7iGrDBvwUhEwKFgCa5xMCFqvuW7pW1edUJgXKizmn,7,7,0.062569016,0,,5162.71795874337,1,1,0.739950442844482,0.3583274523641496,35.8,false,false
340446,1776678123,3kPai9Bk6P5pMmWz3pvswvnb91JN26BkSGCNMNCNDPA6,13,6,0.053211531,0,,3845.316502264981,0,0,0.30614141875059064,0.07557216254086876,7.6,false,false
99426,1776678121,4o3yQZU67exoMxoDEAg14o8EdJqUAy2pQysft14AeZRQ,10,5,0.541297664,0,,3323.029014105683,0,0,0.1300773738724723,0.02447305135096902,2.4,false,false
130328,1776678119,8oEAxNiM4tdRiZ91Bs217rF7AgjMDRkyHJSTDuqXoRBi,8,8,0.112400953,0,,6256.787737701415,0,0,0.44955453256282013,0.12836506894287586,12.8,false,false
188329,1776678118,AUpBnQnQZmMpNskJjXw8ELi72PNS56MYBNPczvjTBS53,4,4,6.635547095,0,,3675.741038048828,0,0,0.6252064704286937,0.248291015625,24.8,false,false
174457,1776678109,9Lm9EvBVfieK59d8LQ2Nqqn5hFnNesAMMqPNT7c2KRb1,20,9,1.5,0,,3496.0415163713833,0,0,0.11335293561073144,0.01842644047967242,1.8,false,false
327229,1776678101,6MMJgPRcvNWetgrqafH3szNPQdEeu96mZoNPjvRYmD1U,9,5,2.0,0,,5322.838843606903,1,1,0.8206822360742666,0.4969611968209439,49.7,true,false
206959,1776678099,7US12yjzi6DKmJRMBXZ38KKA3eV4EahFGXt9vZ58dz4c,3,3,0.098021843,0,,20421.93027602221,1,1,0.5469011303396942,0.18153661704465981,18.2,false,false
37845,1776678094,4j2asrFPevSi8KzZZNma9WAWPwmsic3vLcVAGGsXgqxf,9,4,0.12057562,0,,2387.732169716431,0,0,0.1239773297897458,0.02447305135096902,2.4,false,false
341251,1776678078,B3zbUMEkSHoBcy24bcSfXenjErAGpS9XohMj7iKVUk9C,27,12,18.841958074,0,,2543.749237206438,0,0,0.015751542735555867,0.0011408083441981746,0.1,false,false
446752,1776678078,B3zbUMEkSHoBcy24bcSfXenjErAGpS9XohMj7iKVUk9C,27,12,18.841958074,0,,2382.2833707445807,0,0,0.02160660980955421,0.0017064846416382253,0.2,false,false
348163,1776678077,B3zbUMEkSHoBcy24bcSfXenjErAGpS9XohMj7iKVUk9C,27,12,18.841958074,0,,2390.132728125213,0,0,0.19261303071127214,0.040105773468488315,4.0,false,false
59304,1776678069,3TncWoDxuf1QaayqVUsgo79ShG5eHmYZrcdkKG2debBu,13,4,0.228898347,0,,2382.2990562005466,0,0,0.0016713097329639423,0.0,0.0,false,false
324546,1776678069,3TncWoDxuf1QaayqVUsgo79ShG5eHmYZrcdkKG2debBu,13,4,0.228898347,0,,2382.2990562005466,0,0,0.0016713097329639423,0.0,0.0,false,false
364882,1776678069,3TncWoDxuf1QaayqVUsgo79ShG5eHmYZrcdkKG2debBu,13,4,0.228898347,0,,2382.440231280933,0,0,0.01524596395063145,0.0011408083441981746,0.1,false,false
69931,1776678059,866SrsMfwKsErATZDCLAPbxH3NuqjKn7zQ1xXMqixoz1,2,4,0.8,0,,3296.0723234676952,0,0,0.41844718940721914,0.10911905069005547,10.9,false,false
141157,1776678057,2aCNrb5EaK7KsSqHchz9Nf8e8JsXV9WpzRVboCGhkNUa,8,4,0.017776242,0,,2746.971481417608,0,0,0.4519254647697066,0.12875912408759127,12.9,false,false
392918,1776678051,JADGHvYJ2v68zBuAYvHS66ytULrhr7TNjtsRXhQQ8HUK,7,2,0.27,0,,2378.2070250376005,0,0,0.5530025777471228,0.18153661704465981,18.2,false,false
25617,1776678046,5JJLDJ9d7WeP4sz6KGNRF3ueEF33dtbsihGVC5eyQu9D,1,1,0.00192492,0,,2460.082953805374,0,0,0.4586348861217304,0.13938753959873285,13.9,false,false
127678,1776678036,3TncWoDxuf1QaayqVUsgo79ShG5eHmYZrcdkKG2debBu,29,4,0.228898347,0,,2381.0623465377616,0,0,0.0027537715919259097,0.0001002004008016032,0.0,false,false
136851,1776678036,3TncWoDxuf1QaayqVUsgo79ShG5eHmYZrcdkKG2debBu,29,4,0.228898347,0,,2380.9212531060093,0,0,0.019105626549508613,0.0017064846416382253,0.2,false,false
435746,1776678036,3TncWoDxuf1QaayqVUsgo79ShG5eHmYZrcdkKG2debBu,29,4,0.228898347,0,,2380.9212531060093,0,0,0.0027537715919259097,0.0001002004008016032,0.0,false,false
434580,1776678033,BZT7iGrDBvwUhEwKFgCa5xMCFqvuW7pW1edUJgXKizmn,12,5,0.062569016,0,,4345.759310400814,0,0,0.7356101801271673,0.3583274523641496,35.8,false,false
100565,1776678032,5FqUo9aBjsp7QeeyN6Vi2ZmF2fjS4H5EU7wnAQwPy17z,27,4,37.248314047,0,,4070.207687297341,0,0,0.3793093826135344,0.10335680032649731,10.3,false,false
490851,1776678030,7PC8ieBgsCshXNHNt8baRHmrcdGGWyh1huswGinkKtMh,9,4,0.072616797,0,,2405.7853152434927,0,0,0.350223473050149,0.09549959817840879,9.5,false,false
160833,1776678022,HF2EGxkKXRhdR93ZN5fY925PpecZDwRfKwhag6mvFMLW,27,8,0.111229007,0,,5192.026876374054,0,0,0.6579154251506154,0.27677826760395574,27.7,false,false
449222,1776678022,3TncWoDxuf1QaayqVUsgo79ShG5eHmYZrcdkKG2debBu,21,4,0.228898347,0,,2388.7660965346877,0,0,0.024414319553238882,0.0026720106880427524,0.3,false,false
453435,1776678022,3TncWoDxuf1QaayqVUsgo79ShG5eHmYZrcdkKG2debBu,21,4,0.228898347,0,,2382.356188307372,0,0,0.003274138037260003,0.0001002004008016032,0.0,false,false
482030,1776678022,3TncWoDxuf1QaayqVUsgo79ShG5eHmYZrcdkKG2debBu,21,4,0.228898347,0,,2382.2150182070786,0,0,0.003274138037260003,0.0001002004008016032,0.0,false,false
224662,1776678009,5QuJNUHQtTZCsdvGgiL1TE5ujw6nMd1ZM1T1ZBY568x1,27,4,0.539550522,0,,2699.7710282754706,0,0,0.5638067905194001,0.1910039113428944,19.1,false,false
441568,1776678006,6ZnydvtUFJcNChwvuqVKKdens45r3au7dnFcQVKp77a4,17,5,,0,,5980.07643946919,1,1,0.7576155803850279,0.3726318192193563,37.3,false,false
24648,1776678002,DPjievhreHZR7gG8cmfsRDp9weejcpEB12i3VYxMYp5W,16,5,3.480799987,1,Coinbase,3962.698130530097,0,0,0.5468943351982871,0.18153661704465981,18.2,false,false
203390,1776678001,CQervCdE3WAUGRmaTj9NHdbNrNGVsxJb68t3QggcntM2,26,4,0.530124428,0,,2648.27973981724,0,0,0.5755965502385667,0.2088328075709779,20.9,false,false
271081,1776677997,5FqUo9aBjsp7QeeyN6Vi2ZmF2fjS4H5EU7wnAQwPy17z,25,4,37.248314047,0,,2459.9644920832916,0,0,0.2474988667756208,0.05172413793103448,5.2,false,false
331899,1776677997,CCGXwLbTFG53deHqqLrioYjJSmCrUFPcXuaTPDYKSNTm,20,6,0.05814326,0,,4468.669266432339,0,0,0.5419083302946925,0.18153661704465981,18.2,false,false
236080,1776677992,3TncWoDxuf1QaayqVUsgo79ShG5eHmYZrcdkKG2debBu,18,4,0.228898347,0,,2380.6076796726147,0,0,0.01253584382219917,0.0011408083441981746,0.1,false,false
338520,1776677992,3TncWoDxuf1QaayqVUsgo79ShG5eHmYZrcdkKG2debBu,18,4,0.228898347,0,,2380.748754522001,0,0,0.0016988895934518156,0.0,0.0,false,false
363834,1776677992,3TncWoDxuf1QaayqVUsgo79ShG5eHmYZrcdkKG2debBu,18,4,0.228898347,0,,2380.6076796726147,0,0,0.0016988895934518156,0.0,0.0,false,false
490480,1776677991,6MMJgPRcvNWetgrqafH3szNPQdEeu96mZoNPjvRYmD1U,9,3,2.0,0,,17191.86665023808,1,1,0.7942211925521361,0.42317822651448633,42.3,true,false
398196,1776677986,H3WFeDPLyYpjbfrcvKh4AbxeMSbX4YBkP8UPn6NzBmi7,10,6,0.01552608,0,,2388.7504000696945,0,0,0.07919374410294873,0.009995524392063256,1.0,false,false
477378,1776677979,3TncWoDxuf1QaayqVUsgo79ShG5eHmYZrcdkKG2debBu,18,4,0.228898347,0,,2380.748754522001,0,0,0.014881737739857343,0.0011408083441981746,0.1,false,false
196964,1776677970,A3gHeroscMJycu6R6mconJ36jwDpi39ih8SCtvpsoues,12,6,0.002458411,0,,2424.5881664547956,0,0,0.16517779898899868,0.03427549194991056,3.4,false,false
382200,1776677966,991Mi3sGxGCxVsBnRTYBGwxKxNXxMksyMFo85cqxsuML,20,3,0.127060202,0,,2380.5919994808296,0,0,0.2710168016961548,0.06146926536731634,6.1,false,false
208418,1776677963,APEUe6Qq3QMeM5B7ZeZ8bLtwj1RXo6KxPsNHsXHWghrQ,13,6,2.996089063,0,,4020.4705278449983,0,0,0.7319194428165239,0.35229885057471266,35.2,false,false
482627,1776677956,2aCNrb5EaK7KsSqHchz9Nf8e8JsXV9WpzRVboCGhkNUa,9,4,0.017776242,0,,2460.995487760182,0,0,0.4772591090333713,0.13968547641073079,14.0,false,false
210555,1776677955,FWymgf7GwMXczUmqQ6jeeE4MukdZNuaRom4twz3U45nz,20,4,1.0,0,,2380.9719747437352,0,0,0.0029401431298698723,0.0001002004008016032,0.0,false,false
292139,1776677955,3TncWoDxuf1QaayqVUsgo79ShG5eHmYZrcdkKG2debBu,20,4,0.228898347,0,,2381.1130711812534,0,0,0.007223188105311027,0.0001002004008016032,0.0,false,false
305915,1776677955,6MMJgPRcvNWetgrqafH3szNPQdEeu96mZoNPjvRYmD1U,9,5,2.0,0,,2661.6277732699177,0,0,0.7934627293477521,0.42317822651448633,42.3,true,false
338775,1776677947,5FqUo9aBjsp7QeeyN6Vi2ZmF2fjS4H5EU7wnAQwPy17z,21,4,37.248314047,0,,3621.786724551954,0,0,0.3617956229617289,0.09549959817840879,9.5,false,false
428504,1776677944,3TncWoDxuf1QaayqVUsgo79ShG5eHmYZrcdkKG2debBu,14,4,0.228898347,0,,2381.3329052074764,0,0,0.03729596709324779,0.0037418147801683817,0.4,false,false
429531,1776677944,FWymgf7GwMXczUmqQ6jeeE4MukdZNuaRom4twz3U45nz,14,4,1.0,0,,2380.9719747437352,0,0,0.01227141085814265,0.0011408083441981746,0.1,false,false
459025,1776677944,FWymgf7GwMXczUmqQ6jeeE4MukdZNuaRom4twz3U45nz,14,4,1.0,0,,2380.9719747437352,0,0,0.001315689305265952,0.0,0.0,false,false
116796,1776677940,6ADDmYqpKtYoHXa6VL6bRLgYUPGGYipZnix2kc1AYs22,4,4,0.026797654,0,,3414.482211650136,0,0,0.22734529226005254,0.04462640736949846,4.5,false,false
158659,1776677934,Dvkn5XTSeTShfvJ7xCEWjJLdrb67DoLVGS7jXppCfCfX,9,4,0.084248346,0,,4899.652150256193,0,0,0.7704728850527478,0.4089024053082666,40.9,false,false
475630,1776677929,FFdBLYqL9rs5fUT38ArE8GV2L3BziEgG5LJUu6sshfkF,13,4,0.059428493,0,,6584.564387031948,1,1,0.25191254875570623,0.054998480704952904,5.5,false,false
426899,1776677923,BkJzLBgpqJj6eSrMEsM7nCDBwjrAEBrYK1uHdK34SKDx,23,6,0.000592594,0,,3957.8374273398763,0,0,0.7211442433563393,0.33942307692307694,33.9,false,false
158867,1776677917,BZT7iGrDBvwUhEwKFgCa5xMCFqvuW7pW1edUJgXKizmn,2,2,0.062569016,0,,3286.2937837776603,0,0,0.7554637421168746,0.3726318192193563,37.3,false,false
349191,1776677914,6SJUjJWZuzh3okNs32qZZPBRfGh3DfmtpX3D8sYtKHpP,12,7,0.018075977,0,,2396.250448858895,0,0,0.35490863515679943,0.09549959817840879,9.5,false,false
36064,1776677912,6MMJgPRcvNWetgrqafH3szNPQdEeu96mZoNPjvRYmD1U,12,7,2.0,0,,1987.6756720898236,0,0,0.802960227021829,0.4377142857142857,43.8,true,false
8053,1776677902,2bBRwhGoL4fRZk6g8NnhBZywsF8PdLJnBRfWDCEMogD2,6,6,0.122897372,0,,4470.78868795606,0,0,0.6381204527934206,0.25718001517286226,25.7,false,false
14880,1776677890,9hypTtR2qZkUSY8FfMw9YjZ4KQQ6ji39kSmambMdcXAV,6,5,0.01014224,0,,7249.323357874458,1,1,0.3305128201096173,0.08291991495393337,8.3,false,false
87127,1776677874,C181JdCp6MpTs5HzHwyCdtkj3LL27VbxNCeobTcf7QCa,7,7,0.043764694,0,,4311.986242149935,0,0,0.25602734267645066,0.054998480704952904,5.5,false,false
262979,1776677868,GnQqxhWMMdYeRrju1mRgYk7h4MDZx3eWVVviyoTh3k6P,13,7,0.0705,0,,2382.6036597259285,0,0,0.17758034783951548,0.03427549194991056,3.4,false,false
380653,1776677866,Hvd4xQxQoSAoS5wDp5ReRxGS7djMYeT5RcEhGkjJMadR,6,5,0.018504923,0,,3532.240495065304,0,0,0.5647892621142689,0.2030440414507772,20.3,false,false
375115,1776677855,5JJLDJ9d7WeP4sz6KGNRF3ueEF33dtbsihGVC5eyQu9D,1,1,0.00192492,0,,2455.8009963566715,0,0,0.38283411213586255,0.10335680032649731,10.3,false,false
111914,1776677844,6MMJgPRcvNWetgrqafH3szNPQdEeu96mZoNPjvRYmD1U,12,6,2.0,0,,3147.8891349202827,0,0,0.7965816794972496,0.42317822651448633,42.3,true,false
228435,1776677840,5JJLDJ9d7WeP4sz6KGNRF3ueEF33dtbsihGVC5eyQu9D,1,1,0.00192492,0,,2455.4252369187384,0,0,0.4083885765607496,0.10911905069005547,10.9,false,false
272790,1776677839,8SjFhdPmY3Cg9NuKFnDcspp4sdP5N21NTmi7c6kWGbX9,9,9,0.116150697,0,,6434.166021522727,0,0,0.5021021793184776,0.16076173604960142,16.1,false,false
435598,1776677832,CdcdaqZ7wExeQ3bxwpckk4Hb9rMYwst2uQC9HuszPQTz,30,3,0.04300964,0,,2698.1387095281952,0,0,0.2262711269174985,0.04462640736949846,4.5,false,false
483459,1776677828,4vg6iM2AeRKTr52Uzf1idTTw6t7Cdf2uQBfus5aviZ3b,12,6,2.3,0,,3074.6944138096296,0,0,0.4173083908283394,0.10911905069005547,10.9,false,false
200426,1776677820,7zrfWFJrjPkqUEPs7dH65a9ys9iBZCQreBoazDaqzgvv,5,5,0.001185188,0,,2376.841448787624,0,0,0.08068835089071627,0.009995524392063256,1.0,false,false
190748,1776677819,5JJLDJ9d7WeP4sz6KGNRF3ueEF33dtbsihGVC5eyQu9D,1,1,0.00192492,0,,2983.9612521325535,0,0,0.4353915384309361,0.12563145179002863,12.6,false,false
33342,1776677812,Ga45DCTs2Abc2nwCzyetUzrwKZoANRngbw5PrKiW2YUx,4,4,0.06,0,,2406.913476037226,0,0,0.03384640711625226,0.0031570639305445935,0.3,false,false
24187,1776677809,Csv3mdxNmBRcGq5WUXVSGn6jboPw42p6aJxANNbV126c,27,4,0.094245883,0,,9377.715281314175,1,1,0.32916414688045026,0.08291991495393337,8.3,false,false
466664,1776677802,7tAVJH3nki7wmFGSyfdaHeqfQRuXVjTtbeBqqkF8UB54,13,8,0.035510049,0,,3475.5090847390516,0,0,0.16294219234515822,0.03427549194991056,3.4,false,false
369010,1776677801,6MMJgPRcvNWetgrqafH3szNPQdEeu96mZoNPjvRYmD1U,12,6,2.0,0,,2993.3366798949305,0,0,0.8041801093495494,0.44065656565656564,44.1,true,false
327662,1776677795,7zrfWFJrjPkqUEPs7dH65a9ys9iBZCQreBoazDaqzgvv,5,5,0.001185188,0,,2376.841448787624,0,0,0.08074668568979629,0.009995524392063256,1.0,false,false
290734,1776677791,7PC8ieBgsCshXNHNt8baRHmrcdGGWyh1huswGinkKtMh,10,4,0.072616797,0,,2417.730109319359,0,0,0.4014544065473397,0.10911905069005547,10.9,false,false
329135,1776677786,EYpRpc2qqqenLQ8zK7uU9c5ZJeQS7dPBGiHtcbgfoGTh,9,7,0.010325194,0,,3309.9479629172693,0,0,0.6557110338615532,0.26425717399200865,26.4,false,false
314659,1776677780,9Lm9EvBVfieK59d8LQ2Nqqn5hFnNesAMMqPNT7c2KRb1,13,9,1.5,0,,3581.5136088526397,0,0,0.3316025017790033,0.08291991495393337,8.3,false,false
321971,1776677773,HzTorrJG1N2u2QLY7aYQwuwoj1bZcaRRp4uaQrH3WWkE,8,8,,0,,2388.02477567242,0,0,0.34490863088716084,0.09269893355209188,9.3,false,false
393457,1776677741,6Ng7wJoEeKK8MZbLxGb3ZVFqJLnvKV6ybvRnZsJYAjke,11,4,1.004,0,,2556.4577822462784,0,0,0.377264053493083,0.10335680032649731,10.3,false,false
186069,1776677726,8sFDFjjuk6k2k7bfSWHYZ31PzVg2M9SG7Eb6srhc1nyU,5,1,0.037803847,0,,2375.188637999982,0,0,0.08115903580338095,0.009995524392063256,1.0,false,false
114434,1776677718,Ak7vTeBZbfgVAFLer7EmkoaQmZ3ZoCNy49HjMRFuqaiC,5,5,0.003000532,0,,2455.019365350567,0,0,0.15661750247749479,0.03427549194991056,3.4,false,false
212237,1776677718,9v3Lnr6eRRBLtk8pmsapZD1mruKBvrNU7nGHf92SxaC2,10,10,0.007723384,0,,5506.342129683696,0,0,0.46546457914272227,0.13938753959873285,13.9,false,false
206540,1776677707,9EA3PF8gjoQQJ6gf9wRHWxX4sREXVppFJZrjSvBHcc5v,11,6,0.023961177,0,,3125.138655341768,0,0,0.17275598684921795,0.03427549194991056,3.4,false,false
351435,1776677704,7eStM4BgV5e3AvE1DXHwvGh5M9PoRvExNAYS98LjeSym,6,6,4.688880027,0,,4692.876859532493,0,0,0.5030154020635863,0.16076173604960142,16.1,false,false
413131,1776677704,BZT7iGrDBvwUhEwKFgCa5xMCFqvuW7pW1edUJgXKizmn,2,2,0.062569016,0,,3665.8596848440343,0,0,0.7484934627919466,0.3726318192193563,37.3,false,false
305368,1776677698,5nrqNV3YuNWca4n33PGNFYUR3FaqbUvjHCxcCATUqWNS,9,3,0.561,0,,2424.958367883131,0,0,0.18189137959153054,0.036617262423714034,3.7,false,false
79413,1776677696,6MMJgPRcvNWetgrqafH3szNPQdEeu96mZoNPjvRYmD1U,12,6,2.0,0,,3980.2771831504906,0,0,0.8009629060883433,0.4377142857142857,43.8,true,false
194858,1776677696,5JJLDJ9d7WeP4sz6KGNRF3ueEF33dtbsihGVC5eyQu9D,1,1,0.00192492,0,,2454.1725463419143,0,0,0.3101319386068404,0.07557216254086876,7.6,false,false
499361,1776677684,9ELZNWsTjGC9bC4UUPupqUPJbNpeDTT3TsA4KtYXTekc,12,8,0.002985,0,,129808.52677819123,1,1,0.8337032085073702,0.5524861878453039,55.2,true,false
346861,1776677669,8sFDFjjuk6k2k7bfSWHYZ31PzVg2M9SG7Eb6srhc1nyU,5,4,0.037803847,0,,2392.7930724285,0,0,0.17996970778795782,0.03427549194991056,3.4,false,false
70746,1776677668,3mJXMZ4TMCXbRyCguVQaACHyqQJLzMXPPiTewHyFZiMs,8,3,0.22643418,0,,4190.0798264876385,0,0,0.2562029035593505,0.054998480704952904,5.5,false,false
152341,1776677654,GwWvWrqTvaaXtGUWPb3hBgYU5bbaVbgvn8acjPEQn8ar,9,8,0.005560111,0,,4975.824253300764,1,1,0.6953899858036615,0.30951526032315974,31.0,false,false
36471,1776677648,5JJLDJ9d7WeP4sz6KGNRF3ueEF33dtbsihGVC5eyQu9D,1,1,0.00192492,0,,2455.359707404937,0,0,0.304859503039403,0.07557216254086876,7.6,false,false
207196,1776677641,9pfV4Am5dCiHSg5rRf4zJ5ezDRUHf79K5UGNa5AMnAaw,6,6,0.12283689,0,,2376.509115770216,0,0,0.13529484398989922,0.02447305135096902,2.4,false,false
71746,1776677639,AV7PjXHL5JXZ1YoYRoN9Dsstg1x2UciBupMCXcJP8gUz,8,4,0.000970205,0,,3544.164939161988,0,0,0.17845353098076025,0.03427549194991056,3.4,false,false
180281,1776677634,BiCQ7k6afuhQ9qjta32pxwaEWTTKYnF7unBVL3wg8aB8,10,9,1.451550935,0,,3574.636644951585,0,0,0.6750856093601167,0.2782791817087844,27.8,false,false
121919,1776677629,3LcWekXjQ1ZfYyopSzctw3t5Nb6ETFXCNCw8GnbozKQE,4,4,0.2,0,,2462.378026496581,0,0,0.2958340753202402,0.06914639961850261,6.9,false,false
54124,1776677626,ARdLBfv4DYiFqWojQhXYUJUF8RDnAERA3Nhuc1hLKsNX,4,7,4.92189661,1,Binance,4041.2628233884047,0,0,0.4304613508847108,0.11812840956777172,11.8,false,false
5555,1776677621,7PC8ieBgsCshXNHNt8baRHmrcdGGWyh1huswGinkKtMh,6,4,0.072616797,0,,2404.7037230619667,0,0,0.2102463318226806,0.04462640736949846,4.5,false,false
114310,1776677616,9gukXdJAkgoF2kZ1v7DHyjuZsk2BshkChdPZJHnpJ1fy,7,5,0.007142757,0,,2553.088501331134,0,0,0.23953269508781858,0.04865354152523195,4.9,false,false
398840,1776677614,5JJLDJ9d7WeP4sz6KGNRF3ueEF33dtbsihGVC5eyQu9D,5,5,0.00192492,0,,2455.8375099481536,0,0,0.17120733399232413,0.03427549194991056,3.4,false,false
321999,1776677607,BZT7iGrDBvwUhEwKFgCa5xMCFqvuW7pW1edUJgXKizmn,4,4,0.062569016,0,,2844.3188035216326,0,0,0.7410314807075729,0.3583274523641496,35.8,false,false
354404,1776677591,7zrfWFJrjPkqUEPs7dH65a9ys9iBZCQreBoazDaqzgvv,2,2,0.001185188,0,,2377.7998923970617,0,0,0.08685249937514254,0.013686662783925451,1.4,false,false
396546,1776677581,BiCQ7k6afuhQ9qjta32pxwaEWTTKYnF7unBVL3wg8aB8,10,9,1.451550935,0,,4175.849459008675,0,0,0.6989513294430156,0.30951526032315974,31.0,false,false
123672,1776677574,6MMJgPRcvNWetgrqafH3szNPQdEeu96mZoNPjvRYmD1U,12,5,2.0,0,,3093.6838808270077,0,0,0.8128730080571421,0.4742268041237113,47.4,true,false
473065,1776677570,4uQVd4izaGF93jobTHvdAaHtfnJtRiE9UNmDCviDL3uP,12,2,1.06455551,0,,3295.9124340276217,0,0,0.5955245407734047,0.21895424836601307,21.9,false,false
210803,1776677558,H9szWSNAhBwEhRo2F5xWnTcB6i36YQjfH42UaGfCZLqi,11,6,0.3599,0,,2421.276022086916,0,0,0.38111409212782565,0.10335680032649731,10.3,false,false
132270,1776677549,8gN15aJmAzSnyqS5po87bMaEipcoAmyRuFz6EJfhcYGD,11,6,0.019721002,0,,2827.2434771022176,0,0,0.15362313709596823,0.03427549194991056,3.4,false,false
232138,1776677534,G3vfv1XDHzQAhXACPwWjpzEgPskMy261pVpK8LdA7Mnc,24,8,0.0235603,0,,2390.8325742313195,0,0,0.06708040222116034,0.009995524392063256,1.0,false,false
398588,1776677525,GhMQj4veFSrptFXkprqTmKZwC1XnQBNmVVHfiRjFowij,8,8,0.015,0,,2454.309746283271,0,0,0.028748851202575292,0.0026720106880427524,0.3,false,false
280253,1776677524,GJPjFK1mGv4woD5LKy855kNqWZs61h4YVPNodKhtLtb3,3,4,26.529606904,0,,2700.0608851782526,0,0,0.3315607937434995,0.08291991495393337,8.3,false,false
72721,1776677501,BZT7iGrDBvwUhEwKFgCa5xMCFqvuW7pW1edUJgXKizmn,5,5,0.062569016,0,,2608.942477608287,0,0,0.7580246274390966,0.3726318192193563,37.3,false,false
3963,1776677486,gdj94uGC38ex5s48L3wgpbyMQxrJCRU1e5wdf1AD6jv,10,10,0.336640276,0,,2415.640665949945,0,0,0.14753336326202968,0.03230890464933018,3.2,false,false
374433,1776677473,CdcdaqZ7wExeQ3bxwpckk4Hb9rMYwst2uQC9HuszPQTz,7,7,0.04300964,0,,2567.833472961462,0,0,0.18261449390636922,0.036617262423714034,3.7,false,false
15954,1776677466,FWymgf7GwMXczUmqQ6jeeE4MukdZNuaRom4twz3U45nz,4,4,1.0,0,,2376.378262995786,0,0,0.07416653414971087,0.009995524392063256,1.0,false,false
139390,1776677466,ARdLBfv4DYiFqWojQhXYUJUF8RDnAERA3Nhuc1hLKsNX,4,4,4.92189661,1,Binance,2997.8036392337294,0,0,0.2910715315901046,0.06914639961850261,6.9,false,false
469342,1776677466,FWymgf7GwMXczUmqQ6jeeE4MukdZNuaRom4twz3U45nz,4,4,1.0,0,,2376.378262995786,0,0,0.0040704337127456525,0.0001002004008016032,0.0,false,false
238968,1776677465,2TvrXstHLh31Amp7X2EDPd2jraqHCXw7hFKnnbMFA1JL,11,8,0.2117192,0,,2533.9451475536807,0,0,0.738710678367641,0.3583274523641496,35.8,false,false
317758,1776677458,2HkQZ3NAZnUj8cnmQVq9uR1R15ovAm6JnzDko2YJXbHo,9,9,0.095384432,0,,5566.60092242325,0,0,0.4223891256920429,0.11812840956777172,11.8,false,false
417333,1776677455,7PC8ieBgsCshXNHNt8baRHmrcdGGWyh1huswGinkKtMh,10,4,0.072616797,0,,2407.0555146057172,0,0,0.23261545541184078,0.04865354152523195,4.9,false,false
280249,1776677447,3mJXMZ4TMCXbRyCguVQaACHyqQJLzMXPPiTewHyFZiMs,9,1,0.22643418,0,,4083.7883996271908,0,0,0.4503163412909881,0.12875912408759127,12.9,false,false
498459,1776677443,HMoTAKjRkWuMhwruo3Gxi2vvzyTPdtEBT3WGWcaRTCqi,17,4,0.017977649,0,,2377.232486680375,0,0,0.03375387330326116,0.0031570639305445935,0.3,false,false
32887,1776677430,DEVsZnwbqtjDyn5kJyvP4YFcfnqQdbS1u5jDyeFVy1fQ,15,2,0.034514521,0,,2554.633741652373,0,0,0.41345328327358255,0.10911905069005547,10.9,false,false
132673,1776677426,6MMJgPRcvNWetgrqafH3szNPQdEeu96mZoNPjvRYmD1U,9,3,2.0,0,,3873.8262129587265,0,0,0.7920239000545392,0.4142857142857143,41.4,true,false
1300,1776677418,4JvmrKE3Vngy6i4vJ5ht4C6gZToMebxkbQ6tFVdwVU2W,11,3,0.044191116,0,,2383.359091801082,0,0,0.035764836673603265,0.003205128205128205,0.3,false,false
111622,1776677414,7VaAFPNyb3xYMGCguqh4nVce91NiF8YtH3SnL172nUsp,21,4,0.01914286,0,,2377.2571753389457,0,0,0.01692822073432953,0.0011408083441981746,0.1,false,false
157762,1776677391,BZT7iGrDBvwUhEwKFgCa5xMCFqvuW7pW1edUJgXKizmn,14,4,1.2,0,,4354.29697097267,0,0,0.7538081004244012,0.3726318192193563,37.3,false,false
334852,1776677388,C181JdCp6MpTs5HzHwyCdtkj3LL27VbxNCeobTcf7QCa,3,4,0.043764694,0,,3230.8574502407996,0,0,0.5323629576849962,0.18153661704465981,18.2,false,false
94286,1776677387,6MMJgPRcvNWetgrqafH3szNPQdEeu96mZoNPjvRYmD1U,10,3,2.0,0,,2405.6004343745644,0,0,0.8063017856906151,0.44065656565656564,44.1,true,false
416190,1776677386,AkgTb6HBG2DVWwrX2W6ALKA1pL8jZzAaoSWWGLsCvvKP,10,3,0.031267335,0,,3010.6770991697467,0,0,0.11719228861312708,0.021827000808407437,2.2,false,false
5493,1776677368,HiSo5kykqDPs3EG14Fk9QY4B5RvkuEs8oJTiqPX3EDAn,17,1,0.038859198,0,,5878.011196229765,1,1,0.44287489651599643,0.12836506894287586,12.8,false,false
5887,1776677353,Da59SHWe9G7vvHBxeYeypxw5HwqZibDKjpQLNFPpfbGt,4,5,1.16649438,0,,4776.0037511027795,0,0,0.8014804811864396,0.4377142857142857,43.8,true,false
357042,1776677340,ThRJBDzAz51Wvmszc4JSfhpjxgpQ3ig6eKUNMoftY1z,4,4,0.035267559,0,,4649.278959990714,0,0,0.6855954882216521,0.29129955947136565,29.1,false,false
268339,1776677336,6MMJgPRcvNWetgrqafH3szNPQdEeu96mZoNPjvRYmD1U,12,5,2.0,0,,2449.008776556752,0,0,0.8210839683657662,0.4969611968209439,49.7,true,false
361644,1776677335,7VaAFPNyb3xYMGCguqh4nVce91NiF8YtH3SnL172nUsp,22,4,0.01914286,0,,2376.6706164623492,0,0,0.0012556991805602455,0.0,0.0,false,false
466042,1776677335,7VaAFPNyb3xYMGCguqh4nVce91NiF8YtH3SnL172nUsp,22,4,0.01914286,0,,2376.6706164623492,0,0,0.006426432589973253,0.0001002004008016032,0.0,false,false
498975,1776677323,7VaAFPNyb3xYMGCguqh4nVce91NiF8YtH3SnL172nUsp,22,4,0.01914286,0,,2376.6706164623492,0,0,0.0037666145504748035,0.0001002004008016032,0.0,false,false
41946,1776677322,7VaAFPNyb3xYMGCguqh4nVce91NiF8YtH3SnL172nUsp,22,4,0.01914286,0,,2376.8118394541452,0,0,0.01759280469504297,0.0011408083441981746,0.1,false,false
237149,1776677313,He1wZ8Ji3bqniWrim1k4ZyH6fTDdtKeX9LFxmGtAnm9P,9,4,0.369,0,,2394.6228859865614,0,0,0.2661325624982857,0.061386138613861385,6.1,false,false
319073,1776677311,2aCNrb5EaK7KsSqHchz9Nf8e8JsXV9WpzRVboCGhkNUa,8,3,0.017776242,0,,2816.8921796597915,0,0,0.5172387097369457,0.16076173604960142,16.1,false,false
338702,1776677301,2TvrXstHLh31Amp7X2EDPd2jraqHCXw7hFKnnbMFA1JL,11,9,0.2117192,0,,4647.321533758848,0,0,0.7421940118406938,0.3583274523641496,35.8,false,false
57070,1776677300,JCpwN1nTPkYmr9q8sqb3oJ4kX8SCCac7h5Gne3Kzk2aB,14,4,0.085929664,0,,4940.49305334422,0,0,0.5744475864014844,0.2088328075709779,20.9,false,false
215686,1776677297,5PnTFUhcTy7YTULuYmQhj9wvU8i6tyapJKcCytZ5eQ6X,9,9,,0,,2540.140109294488,0,0,0.4499333865116253,0.12875912408759127,12.9,false,false
292735,1776677271,2hPUMdZtCcMUNmaEKdEfpN9F8HFyH4AEajDwDeCW5A7y,10,4,0.51,0,,2416.618502622542,0,0,0.3866886054474501,0.10335680032649731,10.3,false,false
35476,1776677264,9EA3PF8gjoQQJ6gf9wRHWxX4sREXVppFJZrjSvBHcc5v,11,6,0.023961177,0,,3155.5825182637423,0,0,0.2592554378753139,0.05726872246696035,5.7,false,false
390167,1776677263,7FVYDwiKCtT9YfCcpquBXTefm6mERn9b81HKXLSNhMMw,10,4,0.246,1,Binance,2414.8500935430725,0,0,0.3486638635699605,0.09549959817840879,9.5,false,false
35387,1776677259,6jSTzueQFNjs3uudxHExZeChHwSrj3n2rkfA19HUyJ1m,17,3,2.0,0,,2380.8842146532343,0,0,0.004680524394230939,0.0001002004008016032,0.0,false,false
113262,1776677259,6jSTzueQFNjs3uudxHExZeChHwSrj3n2rkfA19HUyJ1m,17,3,2.0,0,,2380.8842146532343,0,0,0.0025159271881217103,0.0,0.0,false,false
130546,1776677259,6jSTzueQFNjs3uudxHExZeChHwSrj3n2rkfA19HUyJ1m,17,3,2.0,0,,2380.8842146532343,0,0,0.0025159271881217103,0.0,0.0,false,false
240541,1776677259,6jSTzueQFNjs3uudxHExZeChHwSrj3n2rkfA19HUyJ1m,17,3,2.0,0,,2380.8842146532343,0,0,0.0025159271881217103,0.0,0.0,false,false
471234,1776677259,6jSTzueQFNjs3uudxHExZeChHwSrj3n2rkfA19HUyJ1m,17,3,2.0,0,,2380.8842146532343,0,0,0.0025159271881217103,0.0,0.0,false,false
53942,1776677258,6jSTzueQFNjs3uudxHExZeChHwSrj3n2rkfA19HUyJ1m,17,3,2.0,0,,2376.8820140703438,0,0,0.0555565757978542,0.007343124165554072,0.7,false,false
289422,1776677245,HFG7EbNZohquf3t2mYkDmGL9iSkUWsegqxD9p2EGBLXe,5,5,0.012868834,0,,2606.3205168946383,0,0,0.2822262134199415,0.06914639961850261,6.9,false,false
97009,1776677238,GnQqxhWMMdYeRrju1mRgYk7h4MDZx3eWVVviyoTh3k6P,14,7,0.0705,0,,2388.4202906220676,0,0,0.20383544033511253,0.04156769596199525,4.2,false,false
299851,1776677224,HMht3hjDhbt3hamZQrnn4AcJQ6DRtWTzJs55cqDwwZrs,12,12,0.018419084,0,,26569.76527051359,1,1,0.24999520835961037,0.054998480704952904,5.5,false,false
37930,1776677208,AZcHqB2idXp5KSiGpq4uMVy5prxAc1NVrddfBYSNaQfG,8,8,0.104407575,0,,5570.889012093018,0,0,0.5090845472349026,0.16076173604960142,16.1,false,false
216415,1776677188,24XmpY1Xk2miETKYwFpLnHyqKLyewcQujMWXcfz6hHiv,20,3,0.162737683,0,,10938.672528061343,1,1,0.32963919214057813,0.08291991495393337,8.3,false,false
99702,1776677185,5htGpHK2oV9g2BcDqLdRBqjCLdy8mc3fsESfR5DU73eM,4,4,0.298980863,0,,20184.53219454469,1,1,0.7998300469311468,0.4377142857142857,43.8,true,false
224574,1776677180,FftqHrirfAVAqTsa4d1XWUmWACZvgLVkhAHDRj88rEgN,30,3,1.0,0,,2378.986823584193,0,0,0.0007755412304004136,0.0,0.0,false,false
378311,1776677180,BwoZvubsHTdWa4VqucdTDMijuPrwNxKifcQ6HcdoTUD,30,3,0.5,0,,2378.8301846326917,0,0,0.006438956820930662,0.0001002004008016032,0.0,false,false
403051,1776677180,FftqHrirfAVAqTsa4d1XWUmWACZvgLVkhAHDRj88rEgN,30,3,1.0,0,,2378.986823584193,0,0,0.005387045169999364,0.0001002004008016032,0.0,false,false
462961,1776677180,BwoZvubsHTdWa4VqucdTDMijuPrwNxKifcQ6HcdoTUD,30,3,0.5,0,,2378.986823584193,0,0,0.0007732380490116118,0.0,0.0,false,false
483912,1776677180,BwoZvubsHTdWa4VqucdTDMijuPrwNxKifcQ6HcdoTUD,30,3,0.5,0,,2378.986823584193,0,0,0.0007732380490116118,0.0,0.0,false,false
257,1776677179,EpBVgG5rkoD5GpYNMUn3mJexszLAcXW4vmqiq2wsx8Ez,12,5,0.00514422,0,,5259.349473330772,1,1,0.6098326973341661,0.2351931330472103,23.5,false,false
245658,1776677164,GLNH9rB3sJhFtF1bEAKdDBqXtW5NVD6D3RsJ2J3h1SQv,12,7,0.269870694,0,,10813.336210730797,1,1,0.9360239705271814,0.9145299145299145,91.5,true,false
454737,1776677163,CskUpxE9jsdDg2kCwVSa8jT5Zfbb6tAojpbjc9Qtwi17,10,4,0.14,0,,2383.590973595306,0,0,0.2832787030138548,0.06914639961850261,6.9,false,false
297258,1776677156,gdj94uGC38ex5s48L3wgpbyMQxrJCRU1e5wdf1AD6jv,13,10,0.336640276,0,,2489.735099759816,0,0,0.15730379039835182,0.03427549194991056,3.4,false,false
321296,1776677130,Ga45DCTs2Abc2nwCzyetUzrwKZoANRngbw5PrKiW2YUx,4,4,0.06,0,,2403.726774733151,0,0,0.03208769568793137,0.0031570639305445935,0.3,false,false
185,1776677116,EpBVgG5rkoD5GpYNMUn3mJexszLAcXW4vmqiq2wsx8Ez,12,5,0.00514422,0,,5801.937886739902,1,1,0.5848226476446112,0.21510883482714468,21.5,false,false
490326,1776677115,2aCNrb5EaK7KsSqHchz9Nf8e8JsXV9WpzRVboCGhkNUa,9,3,0.017776242,0,,2539.4221778681567,0,0,0.5249890031302934,0.16076173604960142,16.1,false,false
433285,1776677095,2TvrXstHLh31Amp7X2EDPd2jraqHCXw7hFKnnbMFA1JL,17,3,0.2117192,0,,5423.325663647347,1,1,0.732616720353772,0.3583274523641496,35.8,false,false
113704,1776677094,EYpRpc2qqqenLQ8zK7uU9c5ZJeQS7dPBGiHtcbgfoGTh,9,7,0.010325194,0,,4072.3549663120098,0,0,0.6779816955351439,0.2782791817087844,27.8,false,false
32161,1776677065,HFG7EbNZohquf3t2mYkDmGL9iSkUWsegqxD9p2EGBLXe,16,7,0.012868834,0,,2537.72672983237,0,0,0.3945753107611909,0.10583623693379791,10.6,false,false
200473,1776677061,42uEAtYUtzku9WtXr4z3GBRbW2YpLVkB1jShbT8mGzUo,17,5,0.040710663,0,,3570.738480489695,0,0,0.20585715907041968,0.04159132007233273,4.2,false,false
130677,1776677060,2LHxrzYrcsDfcmcwhqxmZnSEqxKkRupUWfXUp6GWECcz,17,9,0.005980724,0,,2539.7527489134795,0,0,0.2995182929615964,0.07371794871794872,7.4,false,false
463396,1776677054,9r2VvNEx61fC4RcBLLHWhketM3xhPs6kNJ3tVxrGcjJq,6,9,0.188751542,0,,2384.7788567984485,0,0,0.11286844939731484,0.01842644047967242,1.8,false,false
90258,1776677030,DLBfNNZSPcFMZePXZAVb31atQtMMeRMGnUvEKYPqJGtX,9,9,0.097385901,0,,5508.300045490415,0,0,0.3911026548204619,0.10335680032649731,10.3,false,false
88,1776677023,Cq1WshUES6mMLZYnkaiy63k9QmN53cEwpomuL2iGdwLN,11,3,8.423974764,0,,3689.9329855804604,0,0,0.23625537456453796,0.04865354152523195,4.9,false,false
387143,1776677022,F5c4vsaEYJawwJabq6PRRHvTBpTrxxPpjCjATiyipMAY,17,7,0.100097909,0,,2829.75783169267,0,0,0.24972605726184025,0.054998480704952904,5.5,false,false
98793,1776677017,6MMJgPRcvNWetgrqafH3szNPQdEeu96mZoNPjvRYmD1U,12,5,2.0,0,,5774.851509083449,1,1,0.8152638553617386,0.4969611968209439,49.7,true,false
495193,1776677011,5LeLHWZevwkkFKyHF9GUDMQTjBLwrVmzhwP3LrqSY5nq,9,10,0.002971343,0,,2383.4690994771063,0,0,0.13190536776699066,0.02447305135096902,2.4,false,false
25014,1776677010,7UiQ9MP9GWXWLPoUQFRcXtjoa24bYajTDzumpnEcqjnJ,9,4,0.292206573,0,,6196.047572093442,1,1,0.9277888993409673,0.8626045400238949,86.3,true,false
444723,1776676984,628TKdG7wF76bLqHQuUaewCbNA7coMpLZ4SgxW1516py,12,4,0.07331724,0,,3101.8941444652282,0,0,0.15456308912254496,0.03427549194991056,3.4,false,false
292245,1776676979,CskUpxE9jsdDg2kCwVSa8jT5Zfbb6tAojpbjc9Qtwi17,10,4,0.14,0,,2560.554102258186,0,0,0.28987174825579726,0.06914639961850261,6.9,false,false
65746,1776676978,8xowtxm9fhwbH6bJTWyqWJCun7B4rhZcoD5eTz9byXSR,9,4,0.064029677,0,,2375.8045361318214,0,0,0.08226771022625225,0.009995524392063256,1.0,false,false
218105,1776676978,C7qegQ7mKivttCky54zbJzHbohyGf2BzzqBQDDqCbqqZ,32,3,0.064327874,0,,3143.30933010702,0,0,0.06871723632731602,0.009995524392063256,1.0,false,false
266739,1776676965,FyeSs4BKAeMoKp12SXqZhjSx6nJqigMSiBo5YCCLq4ay,9,9,0.000569923,0,,7512.51380805842,1,1,0.4953588840715098,0.16076173604960142,16.1,false,false
267139,1776676953,jiutBcXdj5uCMfZF6JoJ1HncQ9J8WRHWjLQYXAfgCFw,7,5,0.003000532,0,,2455.6559639019974,0,0,0.10913063408571941,0.01842644047967242,1.8,false,false
93999,1776676950,DdehW2j8VHGvqCVAkjFLyMojV4uR1a6GV7Jnm8wMG7VM,15,3,,0,,3024.46261200909,0,0,0.5184579759585176,0.16076173604960142,16.1,false,false
99620,1776676945,6RStYZ43JX9FAY8fiAngTnQ9ByV44LrfKbXqb7XQFyYq,11,4,0.014390436,0,,2441.209384466858,0,0,0.19471142326343827,0.040105773468488315,4.0,false,false
179,1776676936,EpBVgG5rkoD5GpYNMUn3mJexszLAcXW4vmqiq2wsx8Ez,16,5,0.00514422,0,,8319.517667386812,1,1,0.4848774036139532,0.16031331592689296,16.0,false,false
406913,1776676935,ARsueTbsGXjWzYENy8TzU1fZBoxyywg4u2ymtWsmR8Mt,29,4,5.020823275,0,,5030.106914012621,0,0,0.46554245460830296,0.13938753959873285,13.9,false,false
47920,1776676933,CxvXJdMihs7vfUvVzSKf5jJADwe7xQCSJ6xM8WMbYyHm,8,4,0.097488224,0,,5452.714823093114,0,0,0.6346964436012374,0.25718001517286226,25.7,false,false
338008,1776676921,5JJLDJ9d7WeP4sz6KGNRF3ueEF33dtbsihGVC5eyQu9D,6,6,0.00192492,0,,2984.0436810392557,0,0,0.4626266027665985,0.13938753959873285,13.9,false,false
8862,1776676919,Hvxuvr1M19hn7uC6NcQfySwUPQRgpUEjjkdaYKwdXfd4,12,3,,0,,2775.263531418065,0,0,0.5297979566108724,0.18097320940404593,18.1,false,false
359059,1776676911,6rQ8LeazeEMVEvBzEgzSjkmwYLENdLLLrAA6PD868G9u,9,8,0.00030005,0,,2386.5482121573027,0,0,0.16096622504112537,0.03427549194991056,3.4,false,false
64135,1776676900,AV7PjXHL5JXZ1YoYRoN9Dsstg1x2UciBupMCXcJP8gUz,12,3,0.000970205,0,,3907.273329421655,0,0,0.30717149379524483,0.07557216254086876,7.6,false,false
55928,1776676896,6MMJgPRcvNWetgrqafH3szNPQdEeu96mZoNPjvRYmD1U,12,6,2.0,0,,2410.0380611606365,0,0,0.8152395173837106,0.4969611968209439,49.7,true,false
270811,1776676889,51b6GnCGTvezXKUPihBdrpJYH8EPtjcThNwBMHHYAMo8,16,3,0.100319773,0,,2378.6116525921525,0,0,0.512329334605964,0.16076173604960142,16.1,false,false
494995,1776676886,2TvrXstHLh31Amp7X2EDPd2jraqHCXw7hFKnnbMFA1JL,8,8,0.2117192,0,,5033.355459028923,1,1,0.7475326724464019,0.3726318192193563,37.3,false,false
286053,1776676876,AYFAPJ3aNnJaC3xdwQXPq6KW7nZ6iTYZGLmyHFWUab2t,8,4,0.144285766,0,,3980.7973871952972,0,0,0.4768765675617425,0.13968547641073079,14.0,false,false
269712,1776676864,79YDDAXsSUM3gEPjcNddqkTwwzPTzkjg7VVPzDbZ4xRu,5,5,0.001741392,0,,2376.614270571466,0,0,0.057460221808395044,0.007343124165554072,0.7,false,false
162326,1776676847,686vsCSJ7MbtYA5yM8WxtZG7BEpHkDjmMmRWzNpa4oG4,20,7,0.000596029,0,,2428.3912171829834,0,0,0.0916092440756753,0.013686662783925451,1.4,false,false
42603,1776676845,99Ski9wZFkmTKH2uV9vZt6tG1tJBzpy2t3TGZxkK9xG4,10,3,0.006220066,0,,2385.444508909986,0,0,0.555211419251185,0.18333333333333332,18.3,false,false
388953,1776676830,BiCQ7k6afuhQ9qjta32pxwaEWTTKYnF7unBVL3wg8aB8,20,6,1.451550935,0,,4218.140156132507,0,0,0.5499625927741278,0.18153661704465981,18.2,false,false
202577,1776676821,4Et5BYgHEbzgUWdTWLMoUBqcsuwkwaXvFUe9NBk8jATc,8,8,0.098125168,0,,5478.189106285163,0,0,0.3909050436093339,0.10335680032649731,10.3,false,false
173778,1776676812,3AbgomBQGgJybXYqv5g1fVHfPN1JrDVoELM4C45oXhUw,22,4,0.780234473,0,,13412.856219662084,1,1,0.9448498081348087,0.9386503067484663,93.9,true,false
114178,1776676807,6MMJgPRcvNWetgrqafH3szNPQdEeu96mZoNPjvRYmD1U,12,5,2.0,0,,4671.033403268418,0,0,0.8104622067541193,0.4742268041237113,47.4,true,false
170,1776676802,EpBVgG5rkoD5GpYNMUn3mJexszLAcXW4vmqiq2wsx8Ez,8,5,0.00514422,0,,2669.152999635462,0,0,0.5601955334818771,0.18333333333333332,18.3,false,false
348781,1776676800,DLnZRXfrnsxpXZ4oesB5Y1c9pfd21HEaKY218hfprB3F,9,9,5.58217018,0,,2736.443883289008,0,0,0.6688297601278318,0.27677826760395574,27.7,false,false
454091,1776676787,7JHXZWdbC4u9T6NtsPHPTkbxoT5NrLzLUd7kPiFuT87A,9,9,5.601205645,0,,2760.253161310568,0,0,0.6667421169409872,0.27677826760395574,27.7,false,false
187485,1776676784,EYpRpc2qqqenLQ8zK7uU9c5ZJeQS7dPBGiHtcbgfoGTh,14,4,0.00863465,0,,2464.132715909618,0,0,0.648207026482261,0.26425717399200865,26.4,false,false
430502,1776676780,7PC8ieBgsCshXNHNt8baRHmrcdGGWyh1huswGinkKtMh,4,4,0.072616797,0,,2417.681022265006,0,0,0.4587499507343131,0.13938753959873285,13.9,false,false
243125,1776676775,ThRJBDzAz51Wvmszc4JSfhpjxgpQ3ig6eKUNMoftY1z,9,4,0.035267559,0,,8206.898279521596,1,1,0.6830433603772078,0.29129955947136565,29.1,false,false
250731,1776676775,Ecnf11BEAw7LW5f8eZWP1pGbjTBSQV3XJdqnPhvjCaKu,9,9,5.620241111,0,,5166.839877292638,1,1,0.659230969139883,0.27677826760395574,27.7,false,false
184755,1776676763,3ziSiSHG5Syz9AVsNjgF2g1XihrodSYNR73wWJ8ZZPRd,9,9,5.639276576,0,,2760.489825144371,0,0,0.659230969139883,0.27677826760395574,27.7,false,false
427218,1776676762,8AcZBvDXSwayFvAy8sb5ZD3PwqVHbnwNb2F3Fp2pdQmt,19,5,7.0,0,,2379.9916629608606,0,0,0.030016908072065574,0.0026720106880427524,0.3,false,false
18095,1776676759,2LHxrzYrcsDfcmcwhqxmZnSEqxKkRupUWfXUp6GWECcz,4,4,0.005980724,0,,2559.610278164503,0,0,0.20965602661629504,0.04462640736949846,4.5,false,false
161392,1776676749,FftqHrirfAVAqTsa4d1XWUmWACZvgLVkhAHDRj88rEgN,31,3,1.0,0,,2378.730328440077,0,0,0.0006127254965358777,0.0,0.0,false,false
271197,1776676749,FftqHrirfAVAqTsa4d1XWUmWACZvgLVkhAHDRj88rEgN,31,3,1.0,0,,2378.730328440077,0,0,0.003963798281106164,0.0001002004008016032,0.0,false,false
339622,1776676749,FftqHrirfAVAqTsa4d1XWUmWACZvgLVkhAHDRj88rEgN,31,3,1.0,0,,2378.730328440077,0,0,0.0006127254965358777,0.0,0.0,false,false
349186,1776676749,FftqHrirfAVAqTsa4d1XWUmWACZvgLVkhAHDRj88rEgN,31,3,1.0,0,,2378.730328440077,0,0,0.0006127254965358777,0.0,0.0,false,false
456832,1776676749,FftqHrirfAVAqTsa4d1XWUmWACZvgLVkhAHDRj88rEgN,31,3,1.0,0,,2378.730328440077,0,0,0.0006127254965358777,0.0,0.0,false,false
132461,1776676745,DZctKUfBwiVff9sqZFtWZQJe21FMpe8N8ty4i1SNVyt7,3,3,0.320014853,0,,2505.0512937252392,0,0,0.49631580503234934,0.16076173604960142,16.1,false,false
219350,1776676739,6MMJgPRcvNWetgrqafH3szNPQdEeu96mZoNPjvRYmD1U,12,8,2.0,0,,2571.068751885811,0,0,0.8190936844274513,0.4969611968209439,49.7,true,false
77377,1776676738,7S7egwekUpLxaNrR1LsiQ6Q5MDAPiXZuig98v5gJ2fWo,9,9,5.658312041,0,,2760.489825145951,0,0,0.6714754146365749,0.27677826760395574,27.7,false,false
23139,1776676726,H7yYfHJiQMZKW2e3HGDHka3XdKbm1Q8NdecfS6bAa6Bu,9,9,5.677347507,0,,2760.105199955435,0,0,0.6858173533120503,0.29129955947136565,29.1,false,false
408183,1776676721,8AcZBvDXSwayFvAy8sb5ZD3PwqVHbnwNb2F3Fp2pdQmt,21,5,7.0,0,,2378.3988946498025,0,0,0.21636173968304254,0.04462640736949846,4.5,false,false
38375,1776676714,ayUwaFVnFcZstP75hFjqWqNuinv6Zr1VZrSV9yU4Jyt,9,9,5.696261364,0,,2760.279177397458,0,0,0.6858173533120503,0.29129955947136565,29.1,false,false
125,1776676701,EpBVgG5rkoD5GpYNMUn3mJexszLAcXW4vmqiq2wsx8Ez,23,5,0.00514422,0,,3746.5930879470366,0,0,0.5593031037271304,0.18333333333333332,18.3,false,false
405532,1776676701,Dvd96yEK81WtMRfBymdvwM6PGLXNfbGWtD7QXdvWpfiq,9,9,5.715296829,0,,2758.67374150046,0,0,0.696859374132025,0.30951526032315974,31.0,false,false
59637,1776676698,24XmpY1Xk2miETKYwFpLnHyqKLyewcQujMWXcfz6hHiv,9,4,0.162737683,0,,2886.746379258669,0,0,0.4509478520579152,0.12875912408759127,12.9,false,false
348924,1776676693,8AcZBvDXSwayFvAy8sb5ZD3PwqVHbnwNb2F3Fp2pdQmt,13,5,7.0,0,,2449.7236145025527,0,0,0.2016565437190391,0.04156769596199525,4.2,false,false
487654,1776676678,A3gHeroscMJycu6R6mconJ36jwDpi39ih8SCtvpsoues,9,6,0.002458411,0,,2396.659946997981,0,0,0.3626882291278159,0.09643539147040102,9.6,false,false
483555,1776676666,8AcZBvDXSwayFvAy8sb5ZD3PwqVHbnwNb2F3Fp2pdQmt,20,4,7.0,0,,2377.0088795312436,0,0,0.26540377454287944,0.061386138613861385,6.1,false,false
259245,1776676661,6MMJgPRcvNWetgrqafH3szNPQdEeu96mZoNPjvRYmD1U,12,8,2.0,0,,6999.226883427486,1,1,0.8218590797495794,0.4969611968209439,49.7,true,false
362568,1776676652,GVSvksvXGSu2fLwaHGiRDWCBTpARiUgGJLy7Ye5MnHGT,10,7,0.08658104,0,,4966.444957485135,0,0,0.6118999647545165,0.2351931330472103,23.5,false,false
373409,1776676650,8xowtxm9fhwbH6bJTWyqWJCun7B4rhZcoD5eTz9byXSR,7,4,0.064029677,0,,2423.7356662168395,0,0,0.12768207965595363,0.02447305135096902,2.4,false,false
119,1776676638,EpBVgG5rkoD5GpYNMUn3mJexszLAcXW4vmqiq2wsx8Ez,8,4,0.00514422,0,,3919.282319534555,0,0,0.5876404308809157,0.21895424836601307,21.9,false,false
412758,1776676626,F6bjbJdgchG2FNnzCEPPsuvDswkebiggw8WiuoHUghmL,9,9,5.749248595,0,,6247.275405552916,1,1,0.681938791285265,0.2864502833590932,28.6,false,false
287729,1776676623,A7gLPkGZYuozqzowj7thkkfM9mA8t3aYG4Aqe5kK8GPJ,27,5,0.028212669,0,,2871.678588982168,0,0,0.6375305605393821,0.25718001517286226,25.7,false,false
32555,1776676622,24XmpY1Xk2miETKYwFpLnHyqKLyewcQujMWXcfz6hHiv,19,6,0.162737683,0,,3858.1788802481965,0,0,0.41651785888803583,0.10911905069005547,10.9,false,false
145491,1776676613,AcgAXHNAh277EKhQHU2rEubBrBCvTN8ZznrL2xAo2Emx,9,9,5.783200361,0,,2737.2554253833814,0,0,0.6979912990330367,0.30951526032315974,31.0,false,false
266951,1776676600,FbXeGkSy6xoLtk1uhPR58pEjBFqhfwkB2eZiXZDEnZwf,9,9,5.817152128,0,,6506.83852585839,1,1,0.6961581306173438,0.30951526032315974,31.0,false,false
45199,1776676595,CNvv12fvVYScyGWpykH6ALLmuA5urXB4BDvnqN6wmiNw,4,4,0.09,0,,2392.2157756722468,0,0,0.33978649514019027,0.08565737051792828,8.6,false,false
341207,1776676593,5Dp1hyC9xBxFj5KCdtR1S7oKJjg9bm78Qom2ncS1Qeuz,10,8,0.7414568,0,,2555.4044754198208,0,0,0.18256541783823244,0.036617262423714034,3.7,false,false
237763,1776676587,BAsd4BLxs4q5so5FmufAQpEZNbbPUAmBZMN9yJzyntVb,9,9,5.851103895,0,,2737.255425384022,0,0,0.6961581306173438,0.30951526032315974,31.0,false,false
286512,1776676583,2TvrXstHLh31Amp7X2EDPd2jraqHCXw7hFKnnbMFA1JL,7,7,0.2117192,0,,7185.729224395162,1,1,0.6982142581570481,0.30951526032315974,31.0,false,false
79626,1776676582,EQaxqKT3N981QBmdSUGNzAGK5S26zUwAdRHhBCgn87zD,5,5,0.251215994,0,,11735.728990332538,1,1,0.8328347541415827,0.5524861878453039,55.2,true,false
378878,1776676582,5gPcR2JyRNNwaj5tsoarZjz8jP42njw3z3KdM3ypEs2w,8,4,0.941,0,,2376.6785850514675,0,0,0.6414792542182955,0.25718001517286226,25.7,false,false
482942,1776676580,6WRi5kfKZjJ9AFdjD9PRtce9EtP5wEjDmabycsPz5PkH,9,9,5.840053085,0,,2799.4760809615705,0,0,0.6939132468431419,0.30951526032315974,31.0,false,false
137910,1776676574,96jrkk3E2MhmJc7hBeATLTnLE9Re2P5HagtC2eueYByx,12,6,29.703696939,0,,6782.489418518345,1,1,0.6482547820699998,0.26425717399200865,26.4,false,false
121643,1776676572,9b5t8vBehxHeiwHE8w2RdsP2WrCoE7H8YbPFPB2bG1sT,9,9,5.828888881,0,,2466.641860486784,0,0,0.7083301781000528,0.3200934579439253,32.0,false,false
400710,1776676569,LfBXm7wSzyBPWtuC2ZSPmgPT2g5ukjxHiVft8g7D39W,7,7,0.102934489,0,,5746.020990977146,0,0,0.4662229541529671,0.13938753959873285,13.9,false,false
308680,1776676563,9tqHc2hs6yKM6v4J1AqUSAcM6RxeGXK4t16LGHhifiyi,7,3,,0,,2398.6303077579637,0,0,0.5547718798011188,0.18153661704465981,18.2,false,false
36793,1776676559,EYpRpc2qqqenLQ8zK7uU9c5ZJeQS7dPBGiHtcbgfoGTh,9,6,0.00863465,0,,2383.5663864981448,0,0,0.6949739260680677,0.30951526032315974,31.0,false,false
81326,1776676558,7PC8ieBgsCshXNHNt8baRHmrcdGGWyh1huswGinkKtMh,5,5,0.072616797,0,,2414.059446147983,0,0,0.43609785096262366,0.12563145179002863,12.6,false,false
305552,1776676553,HS4CTrzKaft5Qsbsayv7waLbFibEfShroYWNyQWKny3a,9,9,5.853895122,0,,2747.589456507625,0,0,0.7182389552608136,0.33942307692307694,33.9,false,false
19995,1776676542,GnQqxhWMMdYeRrju1mRgYk7h4MDZx3eWVVviyoTh3k6P,10,6,0.0705,0,,2384.7479144600516,0,0,0.4712259413216508,0.13968547641073079,14.0,false,false
49054,1776676541,Fpi1skAX13WZDBjxXqqQEzofD2EXAea4xfBiLnKJA532,9,9,5.884726092,0,,2739.2702888684794,0,0,0.6746010970271883,0.2782791817087844,27.8,false,false
92854,1776676536,Ey9bHyovqJqwbpgEMG2AWx6DQeXWJXGVeruQjMAnanrT,16,4,0.5,0,,2376.371011864575,0,0,0.0018891927391819225,0.0,0.0,false,false
461418,1776676536,Ey9bHyovqJqwbpgEMG2AWx6DQeXWJXGVeruQjMAnanrT,16,4,0.5,0,,2374.807095512533,0,0,0.001045554667348372,0.0,0.0,false,false
481872,1776676535,Ey9bHyovqJqwbpgEMG2AWx6DQeXWJXGVeruQjMAnanrT,16,4,0.5,0,,2376.3710176451727,0,0,0.016099615889570176,0.0011408083441981746,0.1,false,false
97,1776676531,EpBVgG5rkoD5GpYNMUn3mJexszLAcXW4vmqiq2wsx8Ez,7,4,0.00514422,0,,2956.897552525353,0,0,0.6004126439593608,0.22107765451664024,22.1,false,false
250116,1776676529,6BqEoGDDxkui14F2wAP3sSsojTnHXKUJH2oLyHXMcSRV,7,7,0.002652834,0,,2439.8180270997773,0,0,0.187136145563167,0.03934669636228656,3.9,false,false
98213,1776676513,J11EcGWBc4Zeyg4A3bGpAD1fCtCe9pQpTahvsfq6gLZ3,8,5,0.009138303,0,,2586.570744190004,0,0,0.47525483862165724,0.13968547641073079,14.0,false,false
102943,1776676494,Ey9bHyovqJqwbpgEMG2AWx6DQeXWJXGVeruQjMAnanrT,16,4,0.5,0,,2375.9904573930335,0,0,0.0011706809027394,0.0,0.0,false,false
189907,1776676494,Ey9bHyovqJqwbpgEMG2AWx6DQeXWJXGVeruQjMAnanrT,16,4,0.5,0,,2379.1203637277686,0,0,0.002061647293964941,0.0,0.0,false,false
210593,1776676494,Ey9bHyovqJqwbpgEMG2AWx6DQeXWJXGVeruQjMAnanrT,16,4,0.5,0,,2375.9904573930335,0,0,0.0011706809027394,0.0,0.0,false,false
296935,1776676494,Ey9bHyovqJqwbpgEMG2AWx6DQeXWJXGVeruQjMAnanrT,16,4,0.5,0,,2379.1203637277686,0,0,0.0011706809027394,0.0,0.0,false,false
332715,1776676494,Ey9bHyovqJqwbpgEMG2AWx6DQeXWJXGVeruQjMAnanrT,16,4,0.5,0,,2379.1203637277686,0,0,0.0011706809027394,0.0,0.0,false,false
31765,1776676493,Ey9bHyovqJqwbpgEMG2AWx6DQeXWJXGVeruQjMAnanrT,16,4,0.5,0,,2379.1203637277686,0,0,0.0029925826728171815,0.0001002004008016032,0.0,false,false
13154,1776676491,Ey9bHyovqJqwbpgEMG2AWx6DQeXWJXGVeruQjMAnanrT,16,4,0.5,0,,2379.1203637277686,0,0,0.002013461230654578,0.0,0.0,false,false
26678,1776676491,Ey9bHyovqJqwbpgEMG2AWx6DQeXWJXGVeruQjMAnanrT,16,4,0.5,0,,2379.1203637277686,0,0,0.002013461230654578,0.0,0.0,false,false
40160,1776676491,Ey9bHyovqJqwbpgEMG2AWx6DQeXWJXGVeruQjMAnanrT,16,4,0.5,0,,2379.1203637277686,0,0,0.002013461230654578,0.0,0.0,false,false
77925,1776676491,Ey9bHyovqJqwbpgEMG2AWx6DQeXWJXGVeruQjMAnanrT,16,4,0.5,0,,2379.1203637277686,0,0,0.0038696341373690617,0.0001002004008016032,0.0,false,false
201338,1776676491,Ey9bHyovqJqwbpgEMG2AWx6DQeXWJXGVeruQjMAnanrT,16,4,0.5,0,,2390.469424508416,0,0,0.002013461230654578,0.0,0.0,false,false
45629,1776676490,Ey9bHyovqJqwbpgEMG2AWx6DQeXWJXGVeruQjMAnanrT,16,4,0.5,0,,2379.1203637277686,0,0,0.10720647815585901,0.01842644047967242,1.8,false,false
394732,1776676476,6MMJgPRcvNWetgrqafH3szNPQdEeu96mZoNPjvRYmD1U,12,5,2.0,0,,9779.39761391039,1,1,0.8165953010209921,0.4969611968209439,49.7,true,false
138793,1776676470,A7gLPkGZYuozqzowj7thkkfM9mA8t3aYG4Aqe5kK8GPJ,13,6,0.028212669,0,,3100.992648553627,0,0,0.6650852130620964,0.27677826760395574,27.7,false,false
106880,1776676467,4o3yQZU67exoMxoDEAg14o8EdJqUAy2pQysft14AeZRQ,10,5,0.541297664,0,,2701.0608362670337,0,0,0.13327555877827413,0.02447305135096902,2.4,false,false
335272,1776676455,HyRhdKHNtufZzhhyXU7BMeFbHgDdiBaAYw6obvzM9ptj,7,5,0.000565899,0,,6105.851210770578,1,1,0.1688471342433065,0.03427549194991056,3.4,false,false
476259,1776676453,4o3yQZU67exoMxoDEAg14o8EdJqUAy2pQysft14AeZRQ,10,10,0.541297664,0,,2734.9032345879195,0,0,0.15347618089098705,0.03427549194991056,3.4,false,false
362293,1776676450,6ADDmYqpKtYoHXa6VL6bRLgYUPGGYipZnix2kc1AYs22,18,12,0.026797654,0,,3548.389075025593,0,0,0.2171263329371638,0.04462640736949846,4.5,false,false
147798,1776676431,7PC8ieBgsCshXNHNt8baRHmrcdGGWyh1huswGinkKtMh,5,5,0.072616797,0,,2480.6423198072976,0,0,0.47475109219633066,0.13968547641073079,14.0,false,false
142895,1776676420,FftqHrirfAVAqTsa4d1XWUmWACZvgLVkhAHDRj88rEgN,32,3,1.0,0,,2374.9916221628296,0,0,0.001646335631388997,0.0,0.0,false,false
266458,1776676420,FftqHrirfAVAqTsa4d1XWUmWACZvgLVkhAHDRj88rEgN,32,3,1.0,0,,2374.9916221628296,0,0,0.001646335631388997,0.0,0.0,false,false
290073,1776676420,FftqHrirfAVAqTsa4d1XWUmWACZvgLVkhAHDRj88rEgN,32,3,1.0,0,,2374.9916221628296,0,0,0.001646335631388997,0.0,0.0,false,false
421694,1776676420,FftqHrirfAVAqTsa4d1XWUmWACZvgLVkhAHDRj88rEgN,32,3,1.0,0,,2374.9916221628296,0,0,0.001646335631388997,0.0,0.0,false,false
431396,1776676420,FftqHrirfAVAqTsa4d1XWUmWACZvgLVkhAHDRj88rEgN,32,3,1.0,0,,2374.9916221628296,0,0,0.02752295498969404,0.0026720106880427524,0.3,false,false
75,1776676410,EpBVgG5rkoD5GpYNMUn3mJexszLAcXW4vmqiq2wsx8Ez,5,4,0.00514422,0,,9228.79477876777,1,1,0.3573767236218544,0.09549959817840879,9.5,false,false
150516,1776676404,EYpRpc2qqqenLQ8zK7uU9c5ZJeQS7dPBGiHtcbgfoGTh,16,8,0.00863465,0,,5606.565055202262,1,1,0.6865244340158914,0.3052899936265137,30.5,false,false
443552,1776676402,4frLdV9ZjnCtExXLrLSWJZL3K74dUjXds1Ca3gt7VBQr,7,7,0.001175953,0,,2506.8024909167875,0,0,0.29065428535928756,0.06914639961850261,6.9,false,false
159445,1776676400,A7gLPkGZYuozqzowj7thkkfM9mA8t3aYG4Aqe5kK8GPJ,13,6,0.028212669,0,,2965.8876882419027,0,0,0.723731571034076,0.33942307692307694,33.9,false,false
65820,1776676396,2LHxrzYrcsDfcmcwhqxmZnSEqxKkRupUWfXUp6GWECcz,7,1,0.005980724,0,,2566.369555502316,0,0,0.4554794520721279,0.12875912408759127,12.9,false,false
319275,1776676392,6MMJgPRcvNWetgrqafH3szNPQdEeu96mZoNPjvRYmD1U,9,3,2.0,0,,5122.696600057447,1,1,0.8103467608650873,0.4742268041237113,47.4,true,false
18278,1776676388,FftqHrirfAVAqTsa4d1XWUmWACZvgLVkhAHDRj88rEgN,17,3,1.0,0,,2406.5425265867725,0,0,0.006642499985413977,0.0001002004008016032,0.0,false,false
208994,1776676388,FftqHrirfAVAqTsa4d1XWUmWACZvgLVkhAHDRj88rEgN,17,3,1.0,0,,2406.5425265867725,0,0,0.006642499985413977,0.0001002004008016032,0.0,false,false
261474,1776676388,FftqHrirfAVAqTsa4d1XWUmWACZvgLVkhAHDRj88rEgN,17,3,1.0,0,,2406.5425265867725,0,0,0.007561140035819606,0.0001002004008016032,0.0,false,false
435367,1776676388,FftqHrirfAVAqTsa4d1XWUmWACZvgLVkhAHDRj88rEgN,17,3,1.0,0,,2406.5425265867725,0,0,0.13786134406175846,0.02767175572519084,2.8,false,false
486711,1776676388,FftqHrirfAVAqTsa4d1XWUmWACZvgLVkhAHDRj88rEgN,17,3,1.0,0,,2414.2598956673583,0,0,0.006642499985413977,0.0001002004008016032,0.0,false,false
252449,1776676387,DPjievhreHZR7gG8cmfsRDp9weejcpEB12i3VYxMYp5W,10,4,3.480799987,1,Coinbase,2485.7329816579627,0,0,0.703689891647938,0.3200934579439253,32.0,false,false
218017,1776676357,D9vMSV9j7vZUzSHQUEowAaejuswoKo3QVubpDVrizZsV,10,10,0.097804548,0,,5545.5645087672,0,0,0.4593498369747652,0.13938753959873285,13.9,false,false
322326,1776676350,BLhD3tU7eGHYBZbXtcAr5AiKneai5grHWtbYojRk3XHY,7,3,0.102993208,0,,5353.616074166046,0,0,0.6245711823059877,0.248291015625,24.8,false,false
200872,1776676347,BNR1eLsUxrmHjCg5SLTkWAL3KQKNNzjp4zR1ar1ubnis,13,4,0.005022548,0,,2562.421486306203,0,0,0.08940388179196851,0.013686662783925451,1.4,false,false
313566,1776676347,FM1YCKED2KaqB8Uat8aB1nsffR1vezr7s6FAEieXJgke,26,4,0.082819757,0,,2599.230662352821,0,0,0.1577979083494997,0.03427549194991056,3.4,false,false
185128,1776676306,24XmpY1Xk2miETKYwFpLnHyqKLyewcQujMWXcfz6hHiv,12,5,0.162737683,0,,4400.524972643402,0,0,0.525175343753801,0.16076173604960142,16.1,false,false
493873,1776676270,6mY5XW4gG5PUv8q2aY39EkChBMC5s4jBByzQFsUWFyAo,16,4,1.17160678,0,,2429.4489228435164,0,0,0.32616244632850155,0.07918968692449356,7.9,false,false
357722,1776676261,EtZWfmdyziLMK4kwYs56DWEz4Gfj1z7oDs4XPKGDyre,20,3,0.352170251,0,,2504.6342330482767,0,0,0.27160502929323327,0.06146926536731634,6.1,false,false
347866,1776676240,7PC8ieBgsCshXNHNt8baRHmrcdGGWyh1huswGinkKtMh,5,5,0.072616797,0,,2454.022824803906,0,0,0.48104529626867987,0.16031331592689296,16.0,false,false
147564,1776676232,A7gLPkGZYuozqzowj7thkkfM9mA8t3aYG4Aqe5kK8GPJ,28,6,0.028212669,0,,5397.782844411016,1,1,0.6732335155090031,0.2782791817087844,27.8,false,false
381592,1776676231,2VHc4naEUqNEncHhqxksbKqYSPGYuTJ3WunUZfe7YFAi,3,3,1.774431766,0,,3166.88884266953,0,0,0.24458168769637043,0.05172413793103448,5.2,false,false
260791,1776676217,D5jgZiH1bmdiVkk774iRtFb4s4Y9w8ZPscvTK7hEXitb,12,5,2.314180601,0,,19132.099199573433,1,1,0.719839963718634,0.33942307692307694,33.9,false,false
340890,1776676205,D5jgZiH1bmdiVkk774iRtFb4s4Y9w8ZPscvTK7hEXitb,18,5,2.314180601,0,,3498.5777597609913,0,0,0.7358414678245068,0.3583274523641496,35.8,false,false
360020,1776676204,gQH5Kv2NKNkBZvCMz21GBqWZoGAqsZig5tFNXoieqaX,17,7,0.010672742,0,,2411.4415568088552,0,0,0.6317636554588205,0.25718001517286226,25.7,false,false
440166,1776676187,4j2asrFPevSi8KzZZNma9WAWPwmsic3vLcVAGGsXgqxf,5,5,0.12057562,0,,2409.9756630827856,0,0,0.1353457168662477,0.02447305135096902,2.4,false,false
422955,1776676178,FUL2hcpX3mThUoMFPz8qYw5sjVtT7o3S2njJR4qQNrNR,13,2,1.454911999,0,,12157.50070217023,1,1,0.7659021343788288,0.4089024053082666,40.9,false,false
220293,1776676163,EiJFtpMMaNiEJJAfCXs2y5msP9GoHCUQv9rbDUbXQoVr,5,5,0.056390448,0,,4032.3843097387985,0,0,0.3107226917352808,0.07557216254086876,7.6,false,false
51520,1776676161,D5TRZGMeiDRLzEPzDsFm7Hya3fmERiNRLHrNx1ZfeVzp,11,1,0.031000797,0,,2420.89794561769,0,0,0.74324575017153,0.3726318192193563,37.3,false,false
179981,1776676157,A7gLPkGZYuozqzowj7thkkfM9mA8t3aYG4Aqe5kK8GPJ,28,5,0.028212669,0,,3737.7412767296614,0,0,0.6800595843689758,0.2864502833590932,28.6,false,false
284640,1776676137,CQBJZu3XgoJKNBizoTG2ZW4wUyZomFVyzo1b7ZeZjiy2,28,3,0.5,0,,2407.631713246848,0,0,0.03412319918868636,0.003205128205128205,0.3,false,false
459807,1776676137,BwoZvubsHTdWa4VqucdTDMijuPrwNxKifcQ6HcdoTUD,28,3,0.5,0,,2407.631713246848,0,0,0.042876997130067554,0.005292171995589856,0.5,false,false
305488,1776676113,9YHS4gFmZ6KV4rLwdfUqBScENhJLcqGmSdMNr6XPNZXC,7,6,0.452148604,0,,2447.9899987485533,0,0,0.19310590007352305,0.040105773468488315,4.0,false,false
353853,1776676112,7PC8ieBgsCshXNHNt8baRHmrcdGGWyh1huswGinkKtMh,5,5,0.072616797,0,,2459.1946569340466,0,0,0.49111665081946276,0.16076173604960142,16.1,false,false
211523,1776676096,ArkdCAPErAo6KdVDTFA32YKnqaD7jfXsESFoyxQzDgnu,18,5,4.258596208,0,,4009.5932475691498,0,0,0.2639031690062915,0.05726872246696035,5.7,false,false
370789,1776676085,3uHmcJiaV8wnnkw2xM9rvH9zz12TUTuhJBP8TJHv8RjY,7,7,0.111469438,0,,6227.642445723738,0,0,0.5422507019420084,0.18153661704465981,18.2,false,false
264340,1776676071,9X4FWnMW62RGd1BhJ4gUmLsxzkPMHjQD7Y9C7AcZqxoW,22,3,0.084642825,0,,4974.925937739119,0,0,0.6020458475375046,0.22107765451664024,22.1,false,false
47417,1776676067,ThRJBDzAz51Wvmszc4JSfhpjxgpQ3ig6eKUNMoftY1z,14,6,0.035267559,0,,32817.481854745565,1,1,0.24141487091608663,0.05172413793103448,5.2,false,false
220408,1776676056,4gNuYGA3Nazr71qRVvzV8R5V3Wd2xDm75EUGfiPdt3Ly,9,5,,0,,5381.095660305219,0,0,0.7635535291858234,0.39670468948035487,39.7,false,false
379561,1776676045,H2ruVmnuQxBNxF2i8fuvn1XTC2D45hy4oTez3MAL8ygK,5,5,4.475626,1,MEXC,2871.6632964800415,0,0,0.6378479426530022,0.25718001517286226,25.7,false,false
450494,1776676038,BZT7iGrDBvwUhEwKFgCa5xMCFqvuW7pW1edUJgXKizmn,5,5,1.2,0,,2386.8770991371234,0,0,0.7526840639508523,0.3726318192193563,37.3,false,false
87503,1776676033,ArkdCAPErAo6KdVDTFA32YKnqaD7jfXsESFoyxQzDgnu,18,5,4.258596208,0,,2441.994663628128,0,0,0.20388162783920868,0.04156769596199525,4.2,false,false
470181,1776676033,v8G8JfNS3qhSSVoyepVVhxGs4GawAiThYWGVifQNubd,4,4,9.2,0,,4005.556245287041,0,0,0.6956055964783014,0.30951526032315974,31.0,false,false
6937,1776676032,Ga45DCTs2Abc2nwCzyetUzrwKZoANRngbw5PrKiW2YUx,4,4,0.06,0,,2377.654665645012,0,0,0.03709865016325651,0.0037418147801683817,0.4,false,false
403358,1776676031,ArkdCAPErAo6KdVDTFA32YKnqaD7jfXsESFoyxQzDgnu,18,5,4.258596208,0,,2378.9272473864908,0,0,0.4978500820543405,0.16076173604960142,16.1,false,false
396887,1776676026,2aCNrb5EaK7KsSqHchz9Nf8e8JsXV9WpzRVboCGhkNUa,16,3,0.017776242,0,,2706.499970938823,0,0,0.6087058165487612,0.23387096774193547,23.4,false,false
418434,1776676010,2LHxrzYrcsDfcmcwhqxmZnSEqxKkRupUWfXUp6GWECcz,13,5,0.005980724,0,,2542.998952201753,0,0,0.316415898050749,0.07557216254086876,7.6,false,false
251586,1776675993,HERdZJM2257hX2toJKmEySCH2XKaPzXQQDSy4Yy43kmP,11,5,2.000015012,0,,8100.145550374236,1,1,0.6558850792774896,0.26425717399200865,26.4,false,false
414647,1776675993,D5TRZGMeiDRLzEPzDsFm7Hya3fmERiNRLHrNx1ZfeVzp,15,1,0.031000797,0,,3122.456306190399,0,0,0.74324575017153,0.3726318192193563,37.3,false,false
360193,1776675983,5BbKpBieLos1XUxge1vRr51ZvbZvRsNCHWfpBeNdExym,9,4,0.005925928,0,,2528.4604313513146,0,0,0.19846633540542025,0.040105773468488315,4.0,false,false
471432,1776675975,H7CVjS8Ak1DjQnqxXWogVLScvictuQUqtKGkV9qnd6dC,16,3,1.060396,1,Gate.io,3142.3097951642976,0,0,0.8122286270121891,0.4742268041237113,47.4,true,false
334918,1776675964,2sTfcfcvwA6X1LSS3fpejZzvSN22xrvP9QGrozzDX59q,23,7,0.002865078,0,,4063.9116820072077,0,0,0.5526490192509583,0.18153661704465981,18.2,false,false
454608,1776675963,8ta34CpgiyVqMgtwM6UW1Zd5MxMmUQEJvj7s3s7M6z2c,14,5,,0,,39274.81029685953,1,1,0.7118497913564017,0.33942307692307694,33.9,false,false
171399,1776675961,DVhwSE98dHBtEGnQcYyAiEzE2XFjGnGwwuv9n1Ypnre9,15,5,3.129838502,0,,2874.914166838024,0,0,0.13668672479328572,0.02767175572519084,2.8,false,false
344780,1776675959,A7gLPkGZYuozqzowj7thkkfM9mA8t3aYG4Aqe5kK8GPJ,18,6,0.028212669,0,,6054.097337686025,1,1,0.5645238778196239,0.2030440414507772,20.3,false,false
56124,1776675952,BwoZvubsHTdWa4VqucdTDMijuPrwNxKifcQ6HcdoTUD,21,3,0.5,0,,2368.7568611518595,0,0,0.0026291463024022857,0.0001002004008016032,0.0,false,false
485250,1776675952,CQBJZu3XgoJKNBizoTG2ZW4wUyZomFVyzo1b7ZeZjiy2,21,3,0.5,0,,2368.7568611518595,0,0,0.002497891459691942,0.0,0.0,false,false
340986,1776675947,7PC8ieBgsCshXNHNt8baRHmrcdGGWyh1huswGinkKtMh,4,4,0.072616797,0,,2423.5004302981756,0,0,0.4850522654977081,0.16031331592689296,16.0,false,false
222783,1776675942,CQBJZu3XgoJKNBizoTG2ZW4wUyZomFVyzo1b7ZeZjiy2,22,3,0.5,0,,2368.756867073556,0,0,0.004225527830192874,0.0001002004008016032,0.0,false,false
229758,1776675942,BwoZvubsHTdWa4VqucdTDMijuPrwNxKifcQ6HcdoTUD,22,3,0.5,0,,2368.756867073556,0,0,0.004852890830623035,0.0001002004008016032,0.0,false,false
398865,1776675942,AbKNLZdTKhg8HKYYXWARTzn1XWd3xHteydiFE8yJ2CEG,6,6,0.06769,0,,2738.84560567513,0,0,0.3130522011414599,0.07557216254086876,7.6,false,false
69567,1776675932,69WA9zKrJXzo9pwD9iBfbcrP261hkdZaSQfvR52u4DgS,8,8,1.083787709,0,,2448.374189639871,0,0,0.3585556555138022,0.09549959817840879,9.5,false,false
226280,1776675932,2XoH4WmhfLkfVwy9wwnBSGBWggd4h2MuXXHXPeBvJuYh,11,7,0.10920584,0,,4488.639105863438,0,0,0.3807598510942855,0.10335680032649731,10.3,false,false
314837,1776675912,2ag5rbTafCegTaJWwfREsGzzmWo47ugVYQA9jPStX3fb,11,4,0.11443124,0,,2431.9337983267424,0,0,0.7917005848040153,0.4142857142857143,41.4,true,false
185597,1776675911,99Ski9wZFkmTKH2uV9vZt6tG1tJBzpy2t3TGZxkK9xG4,18,3,0.006220066,0,,2376.2491458973313,0,0,0.6320793319375723,0.25718001517286226,25.7,false,false
105417,1776675907,BuHJscFmpdYHRtoQA7dxHiAp6AYHY9Q3pQMBhTvgqmhd,10,7,0.263878758,0,,91860.74642678056,1,1,0.9365909658473687,0.9145299145299145,91.5,true,false
223808,1776675895,2aGHFTWGejuZCBfs6AY9oVQHF4Cswz93nJEasyaKMEWs,11,8,0.100017242,0,,5598.872147867863,0,0,0.2821685847710132,0.06914639961850261,6.9,false,false
375222,1776675895,2bRoascfGCKkRnyZLmzJh7cKpiD45zyEzUmg9XPZzueC,9,9,2.040396441,0,,2789.618472627843,0,0,0.25727014083622507,0.05726872246696035,5.7,false,false
31642,1776675891,CQBJZu3XgoJKNBizoTG2ZW4wUyZomFVyzo1b7ZeZjiy2,23,3,0.5,0,,2367.638521507727,0,0,0.055106434710369835,0.006122448979591836,0.6,false,false
317480,1776675891,BwoZvubsHTdWa4VqucdTDMijuPrwNxKifcQ6HcdoTUD,23,3,0.5,0,,2367.638521507727,0,0,0.13159100924099454,0.02447305135096902,2.4,false,false
171612,1776675869,E23DF6ZRXWHTHi3FbiikBKnTzWwwjZ3Ss9gteaK7x9s3,13,7,0.117735233,0,,27079.76247660812,1,1,0.6724989602522236,0.2782791817087844,27.8,false,false
431591,1776675868,A7gLPkGZYuozqzowj7thkkfM9mA8t3aYG4Aqe5kK8GPJ,21,4,0.028212669,0,,2386.875916968474,0,0,0.6940983418614524,0.30951526032315974,31.0,false,false
117667,1776675861,A2XLF3TfJi6FQ89oJ3uRcgNCpyhvh2KueGrRdMqKzEX7,14,5,0.002933334,0,,2371.9026381235403,0,0,0.17685942596298354,0.03427549194991056,3.4,false,false
393656,1776675860,D5TRZGMeiDRLzEPzDsFm7Hya3fmERiNRLHrNx1ZfeVzp,11,4,0.031000797,0,,3478.606988380467,0,0,0.7514707217911332,0.3726318192193563,37.3,false,false
343024,1776675857,HLSP1X861y6qhoLc6aYTf89Xkw4uRVU7XHkCN4y9C9A,6,6,0.18283689,0,,2367.9231049211803,0,0,0.43578358788856025,0.12563145179002863,12.6,false,false
157878,1776675850,AYFAPJ3aNnJaC3xdwQXPq6KW7nZ6iTYZGLmyHFWUab2t,5,3,0.144285766,0,,2385.520829559031,0,0,0.7589038214802621,0.3726318192193563,37.3,false,false
151160,1776675829,AV7PjXHL5JXZ1YoYRoN9Dsstg1x2UciBupMCXcJP8gUz,9,4,0.000970205,0,,4863.02184279498,0,0,0.1924138178448931,0.040105773468488315,4.0,false,false
225197,1776675813,7PC8ieBgsCshXNHNt8baRHmrcdGGWyh1huswGinkKtMh,5,5,0.072616797,0,,2421.938038390898,0,0,0.24547883772993523,0.05172413793103448,5.2,false,false
291058,1776675808,A7gLPkGZYuozqzowj7thkkfM9mA8t3aYG4Aqe5kK8GPJ,19,6,0.028212669,0,,3861.134612102831,0,0,0.7036222534913157,0.3200934579439253,32.0,false,false
372353,1776675808,DbG7RyLFBWXpEWgfKUA8qByvBZEZ3chqGh9TLkpjpF3b,7,7,6.0,0,,2656.5585877886942,0,0,0.11753641773227756,0.021827000808407437,2.2,false,false
223856,1776675806,6MMJgPRcvNWetgrqafH3szNPQdEeu96mZoNPjvRYmD1U,9,3,2.0,0,,21798.654863779775,1,1,0.7932436564340787,0.42317822651448633,42.3,true,false
63555,1776675801,9WFacHJUVcnXYqhsKcQ7Ny59etT3a6vTi3E2SHSL8PJA,11,6,0.002583714,0,,2369.4602986930454,0,0,0.11459274560162627,0.021827000808407437,2.2,false,false
488758,1776675790,E2akcR2WnHFgyvRZTAZmKUnKNvsR8qDwrzRYRzM4yZ9o,8,4,0.084170505,0,,5051.96144298577,0,0,0.6046033053875879,0.2212588310854207,22.1,false,false
33305,1776675789,D6aQMpj2VWWikmxPyAyGFdX7xmrBrz4EfSVdJ5JimXpQ,5,1,0.040088943,0,,2660.320770541148,0,0,0.6391609308507015,0.25718001517286226,25.7,false,false
366025,1776675775,E23DF6ZRXWHTHi3FbiikBKnTzWwwjZ3Ss9gteaK7x9s3,6,8,0.117735233,0,,8750.608645959068,1,1,0.7057290148587139,0.3200934579439253,32.0,false,false
446047,1776675772,6MMJgPRcvNWetgrqafH3szNPQdEeu96mZoNPjvRYmD1U,9,3,2.0,0,,2608.089248557506,0,0,0.7964416277548358,0.42317822651448633,42.3,true,false
166934,1776675768,CQBJZu3XgoJKNBizoTG2ZW4wUyZomFVyzo1b7ZeZjiy2,30,3,0.5,0,,2368.6954475602683,0,0,0.03418810687507344,0.003205128205128205,0.3,false,false
288098,1776675768,4vU6PvMW6TNuUVvJTAfVAL3ie3RLsBLuo9bbJHwEiJgZ,16,7,0.17,0,,2391.9902347808775,0,0,0.5652030596208629,0.2030440414507772,20.3,false,false
350445,1776675768,BwoZvubsHTdWa4VqucdTDMijuPrwNxKifcQ6HcdoTUD,30,3,0.5,0,,2368.6954475602683,0,0,0.06601458978177208,0.009995524392063256,1.0,false,false
451859,1776675750,6qertFYFQ8WsZU7wJfWb3xRMkhRKrayb4BRkjVet6hS2,10,5,3.0,0,,2447.1578831419392,0,0,0.6535462164615,0.26425717399200865,26.4,false,false
212707,1776675748,4fL9LcAScdHW2Zzx3ggZHVX95ae1ziBifXB5SoW1Dc3b,17,3,0.194410356,0,,3942.6321189598216,0,0,0.5893325420405813,0.21895424836601307,21.9,false,false
137404,1776675744,E82WBm474QkFQdHHDq1JG9D7UT9UYEGUoMm9owPRbdqL,4,4,0.999984342,0,,3313.5852667921554,0,0,0.49579696815520885,0.16076173604960142,16.1,false,false
311498,1776675743,BwoZvubsHTdWa4VqucdTDMijuPrwNxKifcQ6HcdoTUD,32,3,0.5,0,,2368.7142978815523,0,0,0.0013321247072662912,0.0,0.0,false,false
474873,1776675743,BwoZvubsHTdWa4VqucdTDMijuPrwNxKifcQ6HcdoTUD,32,3,0.5,0,,2368.7142978815523,0,0,0.03961773256574675,0.005292171995589856,0.5,false,false
116533,1776675729,BnSJys7v985tCpKBa1vAD1Vy24JqJ6J9fAabUjfm8Tya,16,4,0.029629633,0,,2914.3212178853064,0,0,0.3380716538755641,0.08565737051792828,8.6,false,false
309708,1776675725,6MMJgPRcvNWetgrqafH3szNPQdEeu96mZoNPjvRYmD1U,12,6,2.0,0,,2228.134244358414,0,0,0.80834072157136,0.44065656565656564,44.1,true,false
381107,1776675724,DVhwSE98dHBtEGnQcYyAiEzE2XFjGnGwwuv9n1Ypnre9,21,8,3.129838502,0,,2922.9319275055354,0,0,0.15813587719435454,0.03427549194991056,3.4,false,false
391777,1776675724,E23DF6ZRXWHTHi3FbiikBKnTzWwwjZ3Ss9gteaK7x9s3,7,7,0.117735233,0,,3572.7361228667073,0,0,0.727870203076757,0.3426183844011142,34.3,false,false
36186,1776675723,8iwziiJcDLZKxZAcUJ5u2aM1fLtGDhfXHMEMNQpi8vkd,16,4,0.022051488,0,,4664.104261277259,0,0,0.6838408143531205,0.29129955947136565,29.1,false,false
11496,1776675720,CXp2BPbZeARqEsLecP4tUB8Px2Zodnp4SBbSw6SUYiRY,23,3,0.5,0,,2371.678457028298,0,0,0.0005328924980029457,0.0,0.0,false,false
140144,1776675720,AV7PjXHL5JXZ1YoYRoN9Dsstg1x2UciBupMCXcJP8gUz,19,6,0.000970205,0,,3528.978185133879,0,0,0.28740823622177475,0.06914639961850261,6.9,false,false
296949,1776675720,CXp2BPbZeARqEsLecP4tUB8Px2Zodnp4SBbSw6SUYiRY,23,3,0.5,0,,2370.975120432619,0,0,0.0005328924980029457,0.0,0.0,false,false
306791,1776675720,CXp2BPbZeARqEsLecP4tUB8Px2Zodnp4SBbSw6SUYiRY,23,3,0.5,0,,2371.678457028298,0,0,0.0005328924980029457,0.0,0.0,false,false
339659,1776675720,CXp2BPbZeARqEsLecP4tUB8Px2Zodnp4SBbSw6SUYiRY,23,3,0.5,0,,2371.678457028298,0,0,0.0012079340333331133,0.0,0.0,false,false
391826,1776675720,CXp2BPbZeARqEsLecP4tUB8Px2Zodnp4SBbSw6SUYiRY,23,3,0.5,0,,2371.678457028298,0,0,0.0005328924980029457,0.0,0.0,false,false
482045,1776675720,CXp2BPbZeARqEsLecP4tUB8Px2Zodnp4SBbSw6SUYiRY,23,3,0.5,0,,2371.678457028298,0,0,0.0005328924980029457,0.0,0.0,false,false
67126,1776675717,CXp2BPbZeARqEsLecP4tUB8Px2Zodnp4SBbSw6SUYiRY,23,3,0.5,0,,2367.855929759427,0,0,0.0005762067135696127,0.0,0.0,false,false
192854,1776675717,CXp2BPbZeARqEsLecP4tUB8Px2Zodnp4SBbSw6SUYiRY,23,3,0.5,0,,2367.855929759427,0,0,0.001017452415186959,0.0,0.0,false,false
214537,1776675717,CXp2BPbZeARqEsLecP4tUB8Px2Zodnp4SBbSw6SUYiRY,23,3,0.5,0,,2367.855929759427,0,0,0.0005762067135696127,0.0,0.0,false,false
285694,1776675717,CXp2BPbZeARqEsLecP4tUB8Px2Zodnp4SBbSw6SUYiRY,23,3,0.5,0,,2367.855929759427,0,0,0.0005762067135696127,0.0,0.0,false,false
420932,1776675717,CXp2BPbZeARqEsLecP4tUB8Px2Zodnp4SBbSw6SUYiRY,23,3,0.5,0,,2367.855929759427,0,0,0.0005762067135696127,0.0,0.0,false,false
485004,1776675716,CXp2BPbZeARqEsLecP4tUB8Px2Zodnp4SBbSw6SUYiRY,23,3,0.5,0,,2370.975120432619,0,0,0.015074531057984102,0.0011408083441981746,0.1,false,false
299094,1776675698,9Z35xfkrh8AdgLm1u89d3PAXCqweFCZetYU1WrEiVAH8,16,4,3.985645171,0,,5128.105412513033,0,0,0.6559693089628851,0.26425717399200865,26.4,false,false
368695,1776675688,2VHc4naEUqNEncHhqxksbKqYSPGYuTJ3WunUZfe7YFAi,16,3,1.774431766,0,,3006.9577977992585,0,0,0.20479277288000977,0.04159132007233273,4.2,false,false
20153,1776675661,7PC8ieBgsCshXNHNt8baRHmrcdGGWyh1huswGinkKtMh,7,4,0.072616797,0,,2616.5543943316443,0,0,0.22961834090770986,0.04462640736949846,4.5,false,false
310797,1776675660,Ga45DCTs2Abc2nwCzyetUzrwKZoANRngbw5PrKiW2YUx,4,4,0.06,0,,2377.347941677682,0,0,0.031090445190142674,0.0031570639305445935,0.3,false,false
251832,1776675646,G8v7qM1kjoCsuXf4aTusTWdWagrN9WaQD4eEREWQLLgg,5,3,0.123456789,0,,7250.001541668187,1,1,0.36659029691653494,0.09643539147040102,9.6,false,false
120522,1776675644,988pTN2w9kRC68qfRNu8nxHrLfRSjN1wwVq1UYLa4UHR,5,5,0.034348126,0,,67539.22750593133,1,1,0.3134106046147348,0.07557216254086876,7.6,false,false
272271,1776675643,9KuEESHj8q4go2i9J33h1PVnLuQ9WspUFgrgvF4k9XDS,14,4,0.081791196,0,,2678.236151308441,0,0,0.48725621530310387,0.16031331592689296,16.0,false,false
195417,1776675639,99Ski9wZFkmTKH2uV9vZt6tG1tJBzpy2t3TGZxkK9xG4,10,3,0.006220066,0,,3546.6804965945807,0,0,0.649081561834439,0.26425717399200865,26.4,false,false
74135,1776675629,E23DF6ZRXWHTHi3FbiikBKnTzWwwjZ3Ss9gteaK7x9s3,7,7,0.117735233,0,,2619.125150007547,0,0,0.7090493042618403,0.3200934579439253,32.0,false,false
98226,1776675629,G3vfv1XDHzQAhXACPwWjpzEgPskMy261pVpK8LdA7Mnc,5,5,0.0235603,0,,2387.2388719175756,0,0,0.18277648613453018,0.036617262423714034,3.7,false,false
23292,1776675625,7qrq5JADoRrrjmVrKKLUh63ZTRDsoakM6WEcNDDwuTce,7,7,0.147993236,0,,6791.773734167799,1,1,0.7744403383324162,0.413055478884902,41.3,true,false
7888,1776675617,57sfpvMCdz9xTvEiFNxPuQhJAgMTyQbjQN2rZ1zpaLt6,5,5,0.001236005,0,,3632.9046215797484,0,0,0.5934451542495249,0.21895424836601307,21.9,false,false
339679,1776675615,D5TRZGMeiDRLzEPzDsFm7Hya3fmERiNRLHrNx1ZfeVzp,11,1,0.031000797,0,,8899.664626221198,1,1,0.7475649364583482,0.3726318192193563,37.3,false,false
131083,1776675612,DK7EiGEhRwASYafsh3CixbR4ZCbmrvLJMTeKW9c2dcCX,21,7,0.001533011,0,,5752.700932278648,1,1,0.39525869550860376,0.10583623693379791,10.6,false,false
220493,1776675609,6MMJgPRcvNWetgrqafH3szNPQdEeu96mZoNPjvRYmD1U,12,8,2.0,0,,4414.191137702704,0,0,0.809510453230568,0.44065656565656564,44.1,true,false
335992,1776675597,2n5W5K7V3GiQmgHZhr2QrzBCrNNn8QFf9yXMavYH91F5,9,9,0.006086863,0,,2657.2232857481254,0,0,0.24225244539629243,0.05172413793103448,5.2,false,false
444380,1776675590,5hEnq59jv6G41JAj3WKKR1UjmikSz3Qgy9Ww3wNxNZGP,19,10,0.45,0,,3196.770002972713,0,0,0.46376656116432924,0.13938753959873285,13.9,false,false
437872,1776675587,E23DF6ZRXWHTHi3FbiikBKnTzWwwjZ3Ss9gteaK7x9s3,7,7,0.117735233,0,,2387.2730665117556,0,0,0.7267219823877753,0.3426183844011142,34.3,false,false
192782,1776675581,BwoZvubsHTdWa4VqucdTDMijuPrwNxKifcQ6HcdoTUD,27,3,0.5,0,,2368.818513986971,0,0,0.02081987923238562,0.0017064846416382253,0.2,false,false
251239,1776675581,BwoZvubsHTdWa4VqucdTDMijuPrwNxKifcQ6HcdoTUD,27,3,0.5,0,,2368.677814009879,0,0,0.0013781543023306548,0.0,0.0,false,false
319657,1776675577,CT23gx1rKj7ZbTWvahwzTTUfpE54JVk4ERgsaSsAb6EA,11,8,0.898530346,0,,179129.95606293945,1,1,0.9406478919290046,0.9386503067484663,93.9,true,false
402810,1776675572,CQBJZu3XgoJKNBizoTG2ZW4wUyZomFVyzo1b7ZeZjiy2,27,3,0.5,0,,2380.3792663611134,0,0,0.006118701312723498,0.0001002004008016032,0.0,false,false
419711,1776675572,CQBJZu3XgoJKNBizoTG2ZW4wUyZomFVyzo1b7ZeZjiy2,27,3,0.5,0,,2368.521859594959,0,0,0.000822207611845654,0.0,0.0,false,false
466453,1776675566,HduqyEVTbG2a2vjRDorHxtPDjQu7ogD5nqyno5NygZpD,18,9,0.000337047,0,,3543.377998217843,0,0,0.6664898014017625,0.27677826760395574,27.7,false,false
148243,1776675557,EYpRpc2qqqenLQ8zK7uU9c5ZJeQS7dPBGiHtcbgfoGTh,11,9,0.00863465,0,,30703.857429293734,1,1,0.5766825260031544,0.2088328075709779,20.9,false,false
189539,1776675536,7eStM4BgV5e3AvE1DXHwvGh5M9PoRvExNAYS98LjeSym,16,3,4.688880027,0,,4430.725826523503,0,0,0.5916648605436579,0.21895424836601307,21.9,false,false
209802,1776675518,C41HfoTj1bQSYBE94ojzHMLwxMP4QpvHTuD497q5pDhy,3,3,0.224515519,0,,2375.848754392941,0,0,0.6082698461217145,0.2212588310854207,22.1,false,false
296314,1776675514,2aCNrb5EaK7KsSqHchz9Nf8e8JsXV9WpzRVboCGhkNUa,16,3,0.017776242,0,,6188.502209013027,1,1,0.2394451558902043,0.04865354152523195,4.9,false,false
456862,1776675508,FQ6QDhgJ4cxrVVByNi961YkdnvngyhzVCEMXi24Hy8n4,11,3,0.038713687,0,,3338.2511954337697,0,0,0.4105537436045317,0.10911905069005547,10.9,false,false
365149,1776675500,2ag5rbTafCegTaJWwfREsGzzmWo47ugVYQA9jPStX3fb,10,6,0.11443124,0,,2529.7234035682804,0,0,0.7466835330634201,0.3726318192193563,37.3,false,false
187321,1776675492,ArkdCAPErAo6KdVDTFA32YKnqaD7jfXsESFoyxQzDgnu,32,7,4.258596208,0,,2860.395596186396,0,0,0.1343941220374957,0.02447305135096902,2.4,false,false
48890,1776675485,J6bDiutR3h5MSFxBPy4jPSxRgjXj5i2Sc9XFesEfqDET,10,10,1.06567,1,Crypto.com,2392.9549675763146,0,0,0.3717789421334324,0.10335680032649731,10.3,false,false
209825,1776675482,8PWw59nT2Y2TPYsV5msh12fuRxU9iBw4wxJKQrvchs9Y,16,4,0.085313399,0,,5033.057836139196,0,0,0.6941656504281211,0.30951526032315974,31.0,false,false
253070,1776675478,EUK4pCoG3p7PduvViBdeP8ZbHDBxBKsKsonUXoPmKYbh,5,5,0.049273223,0,,3379.487464501138,0,0,0.3312291450864556,0.08291991495393337,8.3,false,false
51020,1776675469,EQaxqKT3N981QBmdSUGNzAGK5S26zUwAdRHhBCgn87zD,7,7,0.251215994,0,,4083.601988500794,0,0,0.8647648288767303,0.6482843137254902,64.8,true,false
107196,1776675466,C81LGPh4xK83RsG9CCpC66nYdzXJ2u1M3KUEMcvQJuDZ,13,6,0.151569401,0,,2944.9804084618368,0,0,0.1547622178650836,0.03427549194991056,3.4,false,false
306469,1776675461,4xQfrHMhB2x7zyC1Xvh4mutr4TFiMiuzPP97j2NnFyXi,23,3,0.5,0,,2370.9905062679113,0,0,0.0005410411728459416,0.0,0.0,false,false
314437,1776675461,4xQfrHMhB2x7zyC1Xvh4mutr4TFiMiuzPP97j2NnFyXi,23,3,0.5,0,,2370.9905062679113,0,0,0.0005410411728459416,0.0,0.0,false,false
383795,1776675461,4xQfrHMhB2x7zyC1Xvh4mutr4TFiMiuzPP97j2NnFyXi,23,3,0.5,0,,2370.9905062679113,0,0,0.0005381683766457291,0.0,0.0,false,false
498471,1776675461,4xQfrHMhB2x7zyC1Xvh4mutr4TFiMiuzPP97j2NnFyXi,23,3,0.5,0,,2370.9905062679113,0,0,0.0008776100628059448,0.0,0.0,false,false
436898,1776675460,4xQfrHMhB2x7zyC1Xvh4mutr4TFiMiuzPP97j2NnFyXi,23,3,0.5,0,,2370.9905062679113,0,0,0.002861025446805044,0.0001002004008016032,0.0,false,false
304730,1776675459,5JJLDJ9d7WeP4sz6KGNRF3ueEF33dtbsihGVC5eyQu9D,17,3,0.00192492,0,,2972.004183808815,0,0,0.44459936366673924,0.12836506894287586,12.8,false,false
499474,1776675455,D5TRZGMeiDRLzEPzDsFm7Hya3fmERiNRLHrNx1ZfeVzp,9,2,0.031000797,0,,3661.2253896471107,0,0,0.7455099789390331,0.3726318192193563,37.3,false,false
497677,1776675429,9Z35xfkrh8AdgLm1u89d3PAXCqweFCZetYU1WrEiVAH8,7,7,3.985645171,0,,2611.076295778319,0,0,0.7141338017009295,0.33942307692307694,33.9,false,false
282866,1776675411,ANciAge4uGw3Asqj8ZTZY8xYwwG5PuEHgP7Y4U1BUSjJ,16,3,3.2,0,,2858.6966137818185,0,0,0.3398914016180444,0.08565737051792828,8.6,false,false
6366,1776675379,C13GoKiXqTtbcN67HAkKsM1VtHRArTa7MphkCCL1uwp4,11,10,0.000317634,0,,3454.801666561965,0,0,0.6261997553919838,0.248291015625,24.8,false,false
98735,1776675379,C41HfoTj1bQSYBE94ojzHMLwxMP4QpvHTuD497q5pDhy,17,6,0.224515519,0,,2949.2840490430854,0,0,0.6264956509750003,0.248291015625,24.8,false,false
60440,1776675373,6MMJgPRcvNWetgrqafH3szNPQdEeu96mZoNPjvRYmD1U,12,7,2.0,0,,4079.0466851943634,0,0,0.8084155601926093,0.44065656565656564,44.1,true,false
168581,1776675370,4xQfrHMhB2x7zyC1Xvh4mutr4TFiMiuzPP97j2NnFyXi,23,3,0.5,0,,2366.7262642586006,0,0,0.000564030927965288,0.0,0.0,false,false
332993,1776675370,4xQfrHMhB2x7zyC1Xvh4mutr4TFiMiuzPP97j2NnFyXi,23,3,0.5,0,,2366.7262642586006,0,0,0.0009407252577871472,0.0,0.0,false,false
341668,1776675370,4xQfrHMhB2x7zyC1Xvh4mutr4TFiMiuzPP97j2NnFyXi,23,3,0.5,0,,2366.7262642586006,0,0,0.000564030927965288,0.0,0.0,false,false
352665,1776675370,4xQfrHMhB2x7zyC1Xvh4mutr4TFiMiuzPP97j2NnFyXi,23,3,0.5,0,,2366.7262642586006,0,0,0.000564030927965288,0.0,0.0,false,false
429825,1776675370,4xQfrHMhB2x7zyC1Xvh4mutr4TFiMiuzPP97j2NnFyXi,23,3,0.5,0,,2366.7262642586006,0,0,0.000564030927965288,0.0,0.0,false,false
304282,1776675369,4xQfrHMhB2x7zyC1Xvh4mutr4TFiMiuzPP97j2NnFyXi,23,3,0.5,0,,2369.843972583341,0,0,0.001324861479808445,0.0,0.0,false,false
41361,1776675367,4xQfrHMhB2x7zyC1Xvh4mutr4TFiMiuzPP97j2NnFyXi,23,3,0.5,0,,2366.7262642586006,0,0,0.0007184836674183737,0.0,0.0,false,false
224650,1776675367,4xQfrHMhB2x7zyC1Xvh4mutr4TFiMiuzPP97j2NnFyXi,23,3,0.5,0,,2369.843972583341,0,0,0.0007184836674183737,0.0,0.0,false,false
267796,1776675367,4xQfrHMhB2x7zyC1Xvh4mutr4TFiMiuzPP97j2NnFyXi,23,3,0.5,0,,2369.843972583341,0,0,0.0007410247872868265,0.0,0.0,false,false
295194,1776675367,4xQfrHMhB2x7zyC1Xvh4mutr4TFiMiuzPP97j2NnFyXi,23,3,0.5,0,,2366.7262642586006,0,0,0.0007184836674183737,0.0,0.0,false,false
302384,1776675367,4xQfrHMhB2x7zyC1Xvh4mutr4TFiMiuzPP97j2NnFyXi,23,3,0.5,0,,2369.843972583341,0,0,0.0013030877911531873,0.0,0.0,false,false
372778,1776675366,4xQfrHMhB2x7zyC1Xvh4mutr4TFiMiuzPP97j2NnFyXi,23,3,0.5,0,,2369.843972583341,0,0,0.007408202289490394,0.0001002004008016032,0.0,false,false
402225,1776675360,ArkdCAPErAo6KdVDTFA32YKnqaD7jfXsESFoyxQzDgnu,7,7,4.258596208,0,,4281.58499599533,0,0,0.28070574706936186,0.06914639961850261,6.9,false,false
340996,1776675344,7PC8ieBgsCshXNHNt8baRHmrcdGGWyh1huswGinkKtMh,9,5,0.072616797,0,,2526.754365482733,0,0,0.419013906499307,0.10911905069005547,10.9,false,false
291488,1776675342,26QPHYoAvypisizpnng5HhAMdazUVFFHKKSW6J4t5Tci,6,5,0.5,0,,2995.1116682191705,0,0,0.28685077555467386,0.06914639961850261,6.9,false,false
18161,1776675318,81XuBPqHWPZvYT8mNn4NfcJQHFcgWJDsJRwj2mhXrpNE,25,3,1.051720023,0,,2366.0728101711293,0,0,0.002669273433539417,0.0001002004008016032,0.0,false,false
272434,1776675318,81XuBPqHWPZvYT8mNn4NfcJQHFcgWJDsJRwj2mhXrpNE,25,3,1.051720023,0,,2366.0728101711293,0,0,0.04237158869934679,0.005292171995589856,0.5,false,false
307296,1776675318,81XuBPqHWPZvYT8mNn4NfcJQHFcgWJDsJRwj2mhXrpNE,25,3,1.051720023,0,,2366.213023683915,0,0,0.002669273433539417,0.0001002004008016032,0.0,false,false
108787,1776675316,5exb7C1mX2EUn26NC9vgjrxK557rqDvUBAFw52dLpqfc,7,4,0.060170728,0,,4077.032974139924,0,0,0.19616122900186722,0.040105773468488315,4.0,false,false
397693,1776675315,6ZLxVk4QbQSyQ8Hq4Mi7cmkjmpbz6wtVmeoD9L2m7w4q,4,4,0.2736,0,,2413.622450595266,0,0,0.26776110751339854,0.06146926536731634,6.1,false,false
408680,1776675314,BXGUcyVbQHtQxSEkvi1taiBMm1zScLqMHxjnSyCNgXac,19,5,0.014956343,0,,2904.602734724013,0,0,0.05521534326188259,0.006122448979591836,0.6,false,false
329040,1776675301,D5TRZGMeiDRLzEPzDsFm7Hya3fmERiNRLHrNx1ZfeVzp,8,2,0.031000797,0,,14141.734093284253,1,1,0.74493403854643,0.3726318192193563,37.3,false,false
6331,1776675296,99Ski9wZFkmTKH2uV9vZt6tG1tJBzpy2t3TGZxkK9xG4,17,3,0.006220066,0,,11542.167950356035,1,1,0.29227542907866977,0.06914639961850261,6.9,false,false
479269,1776675296,3K2Mh85hm21RjREaBKae82hk2v88c5e8T3UoY9xoGyX5,11,2,0.102651294,0,,5505.624010476653,0,0,0.4972612735462477,0.16076173604960142,16.1,false,false
68637,1776675287,6MMJgPRcvNWetgrqafH3szNPQdEeu96mZoNPjvRYmD1U,12,8,2.0,0,,4677.097460195584,0,0,0.812134897897954,0.4742268041237113,47.4,true,false
371568,1776675274,3NsuuBWFFheqsw8cT1AzLBmByDthXbkJV8iSm7Hya6Gk,11,4,0.025357315,0,,2070.852438667184,0,0,0.6592125490004771,0.27677826760395574,27.7,false,false
69144,1776675263,5JJLDJ9d7WeP4sz6KGNRF3ueEF33dtbsihGVC5eyQu9D,1,1,0.00192492,0,,3057.7443310188005,0,0,0.24192409159702957,0.05172413793103448,5.2,false,false
283094,1776675251,BMC8J2w5vcVsfu5h6P5gCwdcMDpn8mapMV3FAkYRVyAz,6,3,,0,,3999.774410840626,0,0,0.6410167760050224,0.25718001517286226,25.7,false,false
366088,1776675246,EqRL1YunVxezLYzGeMpuM7YCb2sAh27ea6XA7nk9xefD,9,5,0.000576349,0,,4845.635430274772,0,0,0.6523471105420433,0.26425717399200865,26.4,false,false
157753,1776675244,HGvj4PKFfpe21fWYiFNGgVcSMhfGWhfPvTkiWXG87zcD,23,10,,0,,3535.200709948378,0,0,0.03189314857413553,0.0031570639305445935,0.3,false,false
92533,1776675238,7eStM4BgV5e3AvE1DXHwvGh5M9PoRvExNAYS98LjeSym,15,6,4.688880027,0,,5937.26534682175,0,0,0.5464118285112777,0.18153661704465981,18.2,false,false
132802,1776675227,6ZBijfkT5P3A4PXZCRQ3CdLayKJLCDWaAnkUksdigMCg,7,7,1.611450588,0,,138819.5704345384,1,1,0.8692501610316038,0.6979591836734694,69.8,true,false
128649,1776675225,7PC8ieBgsCshXNHNt8baRHmrcdGGWyh1huswGinkKtMh,8,5,0.072616797,0,,2525.720899687241,0,0,0.42251048255316753,0.11812840956777172,11.8,false,false
124244,1776675204,2ag5rbTafCegTaJWwfREsGzzmWo47ugVYQA9jPStX3fb,20,4,0.11443124,0,,3238.035746150792,0,0,0.7414254645261387,0.3583274523641496,35.8,false,false
290581,1776675204,6MMJgPRcvNWetgrqafH3szNPQdEeu96mZoNPjvRYmD1U,12,8,2.0,0,,4648.243729550251,0,0,0.8118398410163677,0.4742268041237113,47.4,true,false
464096,1776675193,EKKP9CapjL5Cfpg2pxyyqe7jS6n9VY98ot4aK6V54sgK,2,2,0.000909641,0,,2375.168097342902,0,0,0.1647757054183803,0.03427549194991056,3.4,false,false
447506,1776675191,Fbcw6AFk1SuMPF6o7XnbnCZGS2iveJEQ1xtdNMnDFVH1,22,6,0.20001,0,,7946.21682174849,1,1,0.6677302503343888,0.27677826760395574,27.7,false,false
356860,1776675182,ZAZAEYDVUnPLraHGiaRx8tzvjegBuDFtWxyKiirXZCD,4,8,0.5,0,,3715.2568252692963,0,0,0.5301428032270792,0.18097320940404593,18.1,false,false
3366,1776675169,ArkdCAPErAo6KdVDTFA32YKnqaD7jfXsESFoyxQzDgnu,17,3,4.258596208,0,,4075.42350527088,0,0,0.33047034645541606,0.08291991495393337,8.3,false,false
348552,1776675167,EQaxqKT3N981QBmdSUGNzAGK5S26zUwAdRHhBCgn87zD,15,2,0.251215994,0,,6165.325516980672,1,1,0.8093572292286545,0.44065656565656564,44.1,true,false
269840,1776675160,GnQqxhWMMdYeRrju1mRgYk7h4MDZx3eWVVviyoTh3k6P,15,5,0.0705,0,,2382.199327825376,0,0,0.43523598282610343,0.12563145179002863,12.6,false,false
52974,1776675159,C41HfoTj1bQSYBE94ojzHMLwxMP4QpvHTuD497q5pDhy,11,5,0.224515519,0,,6241.440085142433,1,1,0.6175404462412691,0.23723647447294893,23.7,false,false
463390,1776675154,7rGHZ5s6XDTvBB56HTSNyUcxujBwhDgJLuyK1NePhBd4,6,6,0.047118067,0,,3507.2860648073,0,0,0.756029721112054,0.3726318192193563,37.3,false,false
484742,1776675154,D5TRZGMeiDRLzEPzDsFm7Hya3fmERiNRLHrNx1ZfeVzp,7,2,0.031000797,0,,5233.772521338091,1,1,0.7312035548933349,0.35229885057471266,35.2,false,false
235265,1776675140,851wK4CFUszSuSd9aLihPHNovUNZznTRaUxxXk8mzjUL,8,7,3.33462792,0,,6423.869282036853,0,0,0.7937430162501794,0.42317822651448633,42.3,true,false
397997,1776675134,FesQUyNGQ7zo8NVJUyBiSdhLZEQPTrbM1Bko87SXqXLf,11,4,0.000238759,0,,15941.399514012317,1,1,0.704953577370989,0.3200934579439253,32.0,false,false
348971,1776675109,GJs6v6rj16u44UddR7nLdpFyQghdzE2DP7P4QtoBitdH,9,4,0.204265415,0,,1743.0280052786447,0,0,0.6971463075876548,0.30951526032315974,31.0,false,false
178673,1776675099,AV7PjXHL5JXZ1YoYRoN9Dsstg1x2UciBupMCXcJP8gUz,14,5,0.000970205,0,,2709.1830857991126,0,0,0.1979489585499687,0.040105773468488315,4.0,false,false
54148,1776675093,nWEiMk6ESsZQ9Fj2h8SFAYRVUktyeegXQJZdu2KADvd,11,4,5.483913166,0,,5469.142007345189,1,1,0.7269852567271046,0.3426183844011142,34.3,false,false
324015,1776675090,45fYXYLVgL7ybme1hSFUC2amqEWRVqaezx1rcF6EjhyH,12,5,3.0,0,,2741.5365085596527,0,0,0.43461779732497213,0.12563145179002863,12.6,false,false
305369,1776675083,HGvj4PKFfpe21fWYiFNGgVcSMhfGWhfPvTkiWXG87zcD,22,7,,0,,3712.0965565182246,0,0,0.04382797903763869,0.005292171995589856,0.5,false,false
241497,1776675076,J5x6mMDRM674AfTxfUz8bZwBN1jPzodsG9i1RMG4iPh6,27,4,0.101005234,0,,5469.200498312926,0,0,0.4616875771589128,0.13938753959873285,13.9,false,false
178824,1776675072,CaJRh4eH3VYzwAqiHTTsQJQpumNuHL4bkaZLf1jqqRXW,10,7,0.618834944,0,,16155.242770664983,1,1,0.9394591429850251,0.9386503067484663,93.9,true,false
418432,1776675069,BYHe7HP6nu66PMDv3ju5pYBAchtV4GH6UALwCcnGrR8K,9,4,0.099950015,0,,2480.4298891903836,0,0,0.1441266002370516,0.03230890464933018,3.2,false,false
114881,1776675064,2ag5rbTafCegTaJWwfREsGzzmWo47ugVYQA9jPStX3fb,10,3,0.11443124,0,,2386.5725834619934,0,0,0.7765010072655771,0.413055478884902,41.3,true,false
76312,1776675056,7PC8ieBgsCshXNHNt8baRHmrcdGGWyh1huswGinkKtMh,8,4,0.072616797,0,,2535.944541138678,0,0,0.4797145234402248,0.16031331592689296,16.0,false,false
304029,1776675056,9LNdRx2j9jYwmnEXXcgARHEojK1GCHRQdBZ8h9mZTWrR,11,4,5.475546713,0,,2981.24845812054,0,0,0.6670834313376133,0.27677826760395574,27.7,false,false
153353,1776675034,D5TRZGMeiDRLzEPzDsFm7Hya3fmERiNRLHrNx1ZfeVzp,15,1,0.031000797,0,,2386.0711888156197,0,0,0.7423373891950021,0.3583274523641496,35.8,false,false
195673,1776675024,42uEAtYUtzku9WtXr4z3GBRbW2YpLVkB1jShbT8mGzUo,17,3,0.040710663,0,,3579.5260183097507,0,0,0.2674082675637343,0.061386138613861385,6.1,false,false
